strategy,ticker,entry_dt,exit_dt,entry,exit,reason,pos_rub,pnl_rub,pnl_pct,hold_d,win
Turtle20,NLMK,2022-02-10,2022-02-14,232.24643999999998,217.82003868099997,SL,30000.0,-1892.57,-6.309,2,False
Turtle20,MTLR,2022-02-16,2022-02-18,158.591712,136.86542144,SL,29432.23,-4059.49,-13.793,2,False
Turtle20,PLZL,2022-02-18,2022-02-21,1333.2666,1230.5176845107273,SL,28214.38,-2201.48,-7.803,1,False
Turtle20,PHOR,2022-03-29,2022-04-01,8841.768,7342.1312800000005,SL,27102.6,-4621.63,-17.052,3,False
Turtle20,PHOR,2022-05-12,2022-05-20,7996.599,7294.135994300936,SL,26167.45,-2323.7,-8.88,6,False
Turtle20,TATNP,2022-06-21,2022-06-30,416.0832,388.35669468628777,SL,25470.34,-1721.89,-6.76,7,False
Turtle20,IRAO,2022-06-21,2022-06-30,3.640728,3.350274347326331,SL,25470.34,-2056.45,-8.074,7,False
Turtle20,MGNT,2022-08-01,2022-08-29,4889.9778,5437.4123,TIME,24336.84,2357.96,9.689,20,True
Turtle20,MTLR,2022-08-10,2022-09-07,129.77595,129.974,TIME,24336.84,12.78,0.053,20,True
Turtle20,TATNP,2022-08-11,2022-09-08,400.48008,409.918,TIME,24336.84,951.53,3.91,20,True
Turtle20,PHOR,2022-08-18,2022-09-15,7900.5797999999995,7641.4714,TIME,24336.84,-822.09,-3.378,20,False
Turtle20,OZON,2022-11-08,2022-11-15,1400.28,1401.399943944,SL,10092.24,288.57,2.859,5,True
Turtle20,OZON,2022-11-15,2022-11-25,1530.306,1403.82245354201,SL,10174.93,-850.74,-8.361,8,False
Turtle20,IRAO,2022-12-30,2023-01-30,3.420684,3.509298,TIME,15840.87,394.32,2.489,20,True
Turtle20,SBERP,2023-01-12,2023-02-09,149.21983799999998,163.05738200000002,TIME,22216.8,1750.93,7.881,20,True
Turtle20,OZON,2023-01-12,2023-02-09,1492.2984,1678.6642,TIME,15310.59,1763.44,11.518,20,True
Turtle20,PLZL,2023-01-26,2023-02-14,857.27142,890.8369126736599,SL,22558.0,1363.04,6.042,13,True
Turtle20,PHOR,2023-02-07,2023-02-14,6916.383,6655.816348835481,SL,22265.78,-860.68,-3.865,5,False
Turtle20,MTLR,2023-01-30,2023-02-28,115.023,125.52489,TIME,14439.47,1182.79,8.191,20,True
Turtle20,OZON,2023-03-15,2023-03-16,1719.3437999999999,1626.081646545278,SL,16401.22,-905.61,-5.522,1,False
Turtle20,SBER,2023-02-28,2023-03-29,170.5341,214.80703,TIME,16722.72,2761.13,16.511,20,True
Turtle20,PHOR,2023-03-06,2023-04-04,7121.424,7312.5372,TIME,14378.45,371.29,2.582,20,True
Turtle20,MTLR,2023-03-10,2023-04-07,135.81715799999998,150.4699,TIME,16777.76,1871.36,11.154,20,True
Turtle20,PLZL,2023-03-14,2023-04-11,943.1886,968.55625,TIME,16350.39,423.18,2.588,20,True
Turtle20,VTBR,2023-04-04,2023-04-11,100.02,92.44541256254328,SL,12029.97,-922.61,-7.669,5,False
Turtle20,OZON,2023-03-29,2023-04-14,1749.3498,1660.3432621006848,SL,17855.65,-925.89,-5.185,12,False
Turtle20,SNGSP,2023-03-20,2023-04-17,28.615721999999998,34.083182,TIME,23638.91,2836.56,12.0,20,True
Turtle20,MTLR,2023-04-11,2023-05-02,162.812556,175.312883763043,SL,12904.45,1539.99,11.934,14,True
Turtle20,IRAO,2023-04-11,2023-05-03,3.920784,3.9239198430431994,SL,22371.15,319.08,1.426,15,True
Turtle20,SBER,2023-04-19,2023-05-10,232.716534,232.90266068389317,SL,23162.46,325.14,1.404,13,True
Turtle20,AFLT,2023-04-11,2023-05-11,34.966992,38.482302000000004,TIME,12814.56,1202.9,9.387,20,True
Turtle20,PLZL,2023-04-18,2023-05-18,1037.0073599999998,1044.49106,TIME,19116.54,118.77,0.621,20,True
Turtle20,LKOH,2023-05-16,2023-06-06,5069.0136,5073.0677970772795,SL,18257.14,311.34,1.705,15,True
Turtle20,T,2023-05-17,2023-06-15,2899.5798,3575.2848,TIME,14109.33,2480.57,17.581,20,True
Turtle20,PHOR,2023-05-24,2023-06-22,7556.5109999999995,7477.5042,TIME,20788.31,-238.03,-1.145,20,False
Turtle20,OZON,2023-05-25,2023-06-23,1804.8609,2011.5976,TIME,16837.92,1669.97,9.918,20,True
Turtle20,AFLT,2023-06-15,2023-06-23,41.35827,41.39134834434599,SL,20094.1,320.2,1.593,6,True
Turtle20,PLZL,2023-06-22,2023-06-26,1127.0253599999999,1066.672007840457,SL,18781.98,-1024.07,-5.452,2,False
Turtle20,NLMK,2023-05-30,2023-06-28,141.268248,172.885416,TIME,20542.01,3123.9,15.207,20,True
Turtle20,TATN,2023-06-06,2023-07-05,474.99497999999994,494.80102,TIME,20199.52,920.44,4.557,20,True
Turtle20,SBER,2023-07-11,2023-07-21,250.060002,241.8581809839286,SL,31570.27,-1066.54,-3.378,8,False
Turtle20,SNGSP,2023-06-27,2023-07-25,39.167832,43.19136,TIME,14425.62,1365.95,9.469,20,True
Turtle20,MAGN,2023-06-28,2023-07-26,47.15943,52.63947,TIME,12690.96,1394.63,10.989,20,True
Turtle20,MGNT,2023-06-29,2023-07-27,5202.0401999999995,5878.8240000000005,TIME,12803.33,1516.45,11.844,20,True
Turtle20,ALRS,2023-07-03,2023-07-31,70.624122,84.03319,TIME,21820.85,2819.28,12.92,20,True
Turtle20,OZON,2023-07-27,2023-08-03,2425.485,2427.4249029029997,SL,14746.75,374.03,2.536,5,True
Turtle20,MTLR,2023-07-27,2023-08-04,203.14061999999998,215.01690397774695,SL,19639.4,1780.51,9.066,6,True
Turtle20,MTLR,2023-08-04,2023-08-07,235.006992,218.9814456235776,SL,16677.87,-1153.4,-6.916,1,False
Turtle20,ALRS,2023-08-04,2023-08-08,89.0178,84.10946394148638,SL,20640.39,-1158.16,-5.611,2,False
Turtle20,ALRS,2023-08-14,2023-08-15,92.91858,86.20754150823542,SL,15423.1,-1128.8,-7.319,1,False
Turtle20,VTBR,2023-07-28,2023-08-16,125.655126,132.13207194240738,SL,22061.09,1761.08,7.983,13,True
Turtle20,LKOH,2023-07-26,2023-08-23,5637.1272,6630.6736,TIME,29214.84,3348.59,11.462,20,True
Turtle20,TATN,2023-08-01,2023-08-29,525.50508,588.58226,TIME,29361.12,2636.01,8.978,20,True
Turtle20,PLZL,2023-09-05,2023-09-07,1209.2418,1157.554193986218,SL,27665.67,-1209.61,-4.372,2,False
Turtle20,IRAO,2023-09-05,2023-09-07,4.35087,4.354349825826,SL,23250.65,371.75,1.599,2,True
Turtle20,IRAO,2023-09-07,2023-09-08,4.55091,4.288018239520795,SL,20300.33,-1192.4,-5.874,1,False
Turtle20,LKOH,2023-08-23,2023-09-20,6633.3264,6348.7300000000005,TIME,17168.14,-753.38,-4.388,20,False
Turtle20,TATN,2023-09-19,2023-09-21,627.82554,596.2228536650565,SL,23071.0,-1183.81,-5.131,2,False
Turtle20,SNGSP,2023-09-29,2023-10-11,53.090616,53.13307787467679,SL,21508.48,408.59,1.9,8,True
Turtle20,TATNP,2023-10-04,2023-10-12,638.8277400000001,608.3266536377823,SL,23921.06,-1165.47,-4.872,6,False
Turtle20,NLMK,2023-09-25,2023-10-23,208.0416,197.420508,TIME,17091.11,-889.2,-5.203,20,False
Turtle20,LKOH,2023-10-13,2023-10-27,7144.4286,7150.14271399428,SL,23174.34,366.41,1.581,10,True
Turtle20,MGNT,2023-10-20,2023-10-31,5795.1588,5799.79376800824,SL,24549.98,394.75,1.608,7,True
Turtle20,SBER,2023-10-17,2023-11-14,268.35366,283.64326,TIME,32674.34,1665.45,5.097,20,True
Turtle20,GMKN,2023-10-23,2023-11-14,172.0344,172.17199311311998,SL,26717.89,344.44,1.289,16,True
Turtle20,MTLR,2023-11-17,2023-11-27,330.066,301.05234729866874,SL,13096.35,-1163.72,-8.886,6,False
Turtle20,SBER,2023-11-23,2023-11-28,286.217232,278.7109493308795,SL,34464.41,-937.87,-2.721,3,False
Turtle20,OZON,2023-11-21,2023-12-04,2853.0705,2699.009702234769,SL,21349.84,-1173.63,-5.497,9,False
Turtle20,SNGSP,2023-11-10,2023-12-06,59.781954,56.39040452797984,SL,19961.95,-1151.88,-5.77,18,False
Turtle20,TATN,2023-11-22,2023-12-20,636.1272,654.869,TIME,26588.51,756.38,2.845,20,True
Turtle20,MGNT,2023-12-26,2024-01-16,6945.3888,6950.943721962239,SL,21381.69,382.86,1.791,13,True
Turtle20,TATN,2023-12-20,2024-01-19,655.131,697.66044,TIME,24643.5,1469.83,5.964,20,True
Turtle20,ALRS,2024-01-16,2024-01-23,75.175032,71.86892049154068,SL,25485.18,-1145.73,-4.496,5,False
Turtle20,VTBR,2024-01-08,2024-01-24,120.27405,120.37024518519,SL,24421.6,367.84,1.506,12,True
Turtle20,SNGS,2024-01-12,2024-02-08,29.685935999999998,29.709678811612797,SL,23817.65,348.92,1.465,19,True
Turtle20,NLMK,2024-01-12,2024-02-09,196.5393,196.36072000000001,TIME,21249.22,-40.55,-0.191,20,False
Turtle20,PLZL,2024-02-01,2024-02-09,1142.2284,1108.3087034644661,SL,33685.63,-1033.52,-3.068,6,False
Turtle20,AFLT,2024-01-31,2024-02-20,39.427884,37.74810799068751,SL,26474.77,-1153.84,-4.358,14,False
Turtle20,LKOH,2024-02-08,2024-02-20,7273.4544,7092.335132864564,SL,33790.31,-874.8,-2.589,8,False
Turtle20,SBER,2024-02-08,2024-02-20,284.57690399999996,284.8045086078191,SL,33790.31,209.32,0.619,8,True
Turtle20,PHOR,2024-02-14,2024-02-20,6965.3928,6810.091780147702,SL,33468.09,-779.3,-2.328,4,False
Turtle20,SNGSP,2024-02-20,2024-02-21,61.202237999999994,58.86654211567318,SL,28695.9,-1123.29,-3.914,1,False
Turtle20,MGNT,2024-02-09,2024-03-12,7321.464,7748.45,TIME,31011.21,1628.55,5.251,20,True
Turtle20,TATN,2024-03-01,2024-03-18,718.9437599999999,719.5187712192478,SL,32351.52,364.7,1.127,10,True
Turtle20,SBERP,2024-03-05,2024-03-22,299.85996,291.58156884022503,SL,32351.52,-925.05,-2.859,12,False
Turtle20,ALRS,2024-02-28,2024-03-28,72.86456999999999,78.53429,TIME,28375.46,1895.01,6.678,20,True
Turtle20,LKOH,2024-03-01,2024-04-01,7388.4774,7572.4852,TIME,32351.52,885.81,2.738,20,True
Turtle20,AFLT,2024-03-14,2024-04-11,41.048207999999995,51.219753999999995,TIME,25033.99,3854.77,15.398,20,True
Turtle20,NLMK,2024-03-21,2024-04-18,212.822556,226.9546,TIME,22954.46,1405.31,6.122,20,True
Turtle20,TATN,2024-04-16,2024-04-18,738.1476,710.0763682470084,SL,30536.94,-1191.25,-3.901,2,False
Turtle20,OZON,2024-03-22,2024-04-19,3541.7082,3999.2000000000003,TIME,20868.31,2416.63,11.58,20,True
Turtle20,SBER,2024-04-23,2024-04-24,315.453078,308.2377391816231,SL,35451.86,-845.93,-2.386,1,False
Turtle20,SNGSP,2024-04-01,2024-04-27,67.39347599999999,66.516694,TIME,24124.56,-337.83,-1.4,20,False
Turtle20,PLZL,2024-04-01,2024-04-27,1215.7431,1379.724,TIME,18463.19,2051.51,11.111,20,True
Turtle20,IRAO,2024-05-13,2024-05-16,4.55091,4.370670938560843,SL,30203.44,-1225.81,-4.059,3,False
Turtle20,OZON,2024-04-19,2024-05-20,4000.7999999999997,4649.07,TIME,21471.14,2781.85,12.956,20,True
Turtle20,NLMK,2024-05-14,2024-05-27,252.930576,244.2959507720384,SL,35068.56,-1231.65,-3.512,9,False
Turtle20,ALRS,2024-05-21,2024-05-27,81.46629,78.41306204809077,SL,32343.79,-1243.93,-3.846,4,False
Turtle20,SNGSP,2024-05-14,2024-05-31,70.784154,68.41501463741291,SL,35712.19,-1230.4,-3.445,13,False
Turtle20,SBER,2024-05-15,2024-05-31,318.26364,311.91874596413305,SL,35712.19,-747.31,-2.093,12,False
Turtle20,AFLT,2024-05-16,2024-06-03,56.931384,53.56073549717652,SL,19962.77,-1201.28,-6.018,12,False
Turtle20,AFLT,2024-06-17,2024-07-08,62.902578,56.979683444417844,SL,12230.67,-1163.29,-9.511,15,False
Turtle20,SBER,2024-06-28,2024-07-10,327.935574,316.1813413669486,SL,32241.6,-1187.3,-3.683,8,False
Turtle20,PLZL,2024-07-18,2024-08-15,1280.95614,1254.749,TIME,14171.94,-303.97,-2.145,20,False
Turtle20,TATNP,2024-10-03,2024-10-08,649.02978,619.8058868337764,SL,25044.05,-1152.14,-4.6,3,False
Turtle20,YDEX,2024-09-17,2024-10-15,4129.3257,4065.1868,TIME,15676.96,-259.06,-1.652,20,False
Turtle20,AFLT,2024-10-15,2024-10-28,56.301258,53.40217981657217,SL,21612.26,-1133.92,-5.247,9,False
Turtle20,SNGSP,2024-10-16,2024-10-28,57.481494,54.292007757842924,SL,20050.6,-1132.05,-5.646,8,False
Turtle20,PLZL,2024-10-22,2024-11-06,1463.49264,1464.663141413472,SL,21952.02,344.49,1.569,11,True
Turtle20,IRAO,2024-11-12,2024-11-20,4.0008,3.850187340540082,SL,29090.99,-1123.69,-3.863,6,False
Turtle20,OZON,2024-11-18,2024-11-20,3310.662,3181.8411512802227,SL,28140.15,-1122.55,-3.989,2,False
Turtle20,RUAL,2024-11-18,2024-11-21,38.95779,36.68863841708812,SL,18766.54,-1111.3,-5.922,3,False
Turtle20,SNGSP,2024-11-20,2024-11-21,58.541706,55.97093288321145,SL,24406.0,-1095.62,-4.489,1,False
Turtle20,AFLT,2024-11-11,2024-11-26,61.26225,56.063690872646795,SL,12867.51,-1104.23,-8.582,11,False
Turtle20,PHOR,2024-12-03,2024-12-11,5851.17,5427.844628919236,SL,14328.27,-1050.44,-7.331,6,False
Turtle20,PLZL,2024-12-12,2024-12-13,1505.55105,1429.9545838400923,SL,20460.47,-1047.3,-5.119,1,False
Turtle20,OZPH,2024-12-27,2024-12-30,34.856970000000004,38.33404072955085,SL,10786.36,1675.27,15.531,2,True
Turtle20,ROSN,2024-12-23,2025-01-10,562.1124,562.5619774975199,SL,13089.15,336.83,2.573,11,True
Turtle20,TATNP,2024-12-24,2025-01-24,634.6269,670.3659,TIME,13282.3,734.34,5.529,20,True
Turtle20,PHOR,2024-12-24,2025-01-24,6298.2594,7013.597,TIME,11993.51,1303.9,10.872,20,True
Turtle20,SBER,2024-12-26,2025-01-28,272.0544,275.19495,TIME,13681.48,144.18,1.054,20,True
Turtle20,CHMF,2025-01-03,2025-01-28,1330.266,1217.0104734781914,SL,12121.19,-1043.57,-8.609,16,False
Turtle20,AFLT,2025-01-13,2025-02-10,61.512299999999996,64.307136,TIME,13041.5,579.21,4.441,20,True
Turtle20,PHOR,2025-01-24,2025-02-13,7016.403,6691.182422220361,SL,22822.45,-1080.15,-4.733,14,False
Turtle20,PLZL,2025-01-24,2025-02-21,1650.8301,1900.71978,TIME,20484.28,2476.35,12.089,20,True
Turtle20,NVTK,2025-01-30,2025-02-27,1046.2092,1262.1475200000002,TIME,15334.39,2559.5,16.691,20,True
Turtle20,OZON,2025-01-31,2025-02-28,3636.7272,3975.2048,TIME,11237.99,1076.49,9.579,20,True
Turtle20,AFLT,2025-02-21,2025-02-28,76.835364,69.75536369941831,SL,11572.65,-1077.4,-9.31,5,False
Turtle20,OZPH,2025-02-10,2025-03-10,48.719742,56.50869600000001,TIME,9098.17,1351.63,14.856,20,True
Turtle20,SBER,2025-02-13,2025-03-11,315.67312200000003,317.63646,TIME,18791.16,98.02,0.522,20,True
Turtle20,T,2025-03-19,2025-03-27,3584.11668,3402.1915647968576,SL,21838.42,-1129.77,-5.173,6,False
Turtle20,PHOR,2025-03-26,2025-03-28,6991.398,6588.676507061019,SL,19234.76,-1126.65,-5.857,2,False
Turtle20,GAZP,2025-04-26,2025-05-02,152.0304,138.7018819497233,SL,12364.94,-1095.86,-8.863,5,False
Turtle20,VTBR,2025-04-29,2025-05-21,98.76975,96.310734,TIME,9885.55,-255.88,-2.588,20,False
Turtle20,PHOR,2025-05-14,2025-06-05,6427.2852,6522.6952,TIME,23837.2,329.84,1.384,20,True
Turtle20,T,2025-05-29,2025-06-06,3229.04568,3231.628270734864,SL,19148.0,366.09,1.912,8,True
Turtle20,PLZL,2025-06-06,2025-06-09,1824.3648,1722.77557831669,SL,19374.81,-1097.72,-5.666,3,False
Turtle20,YDEX,2025-06-04,2025-06-10,4237.8474,4024.025958018338,SL,21252.48,-1093.01,-5.143,6,False
Turtle20,SNGSP,2025-07-02,2025-07-04,54.180834,52.64020595579764,SL,31599.4,-929.68,-2.942,2,False
Turtle20,VTBR,2025-06-23,2025-07-07,102.440484,97.00034691802001,SL,19905.41,-1076.46,-5.408,14,False
Turtle20,PLZL,2025-07-01,2025-07-09,1819.3637999999999,1820.8189271672397,SL,23575.53,357.98,1.518,8,True
Turtle20,T,2025-07-16,2025-07-28,3317.26332,3183.0634260035217,SL,25751.44,-1067.01,-4.143,12,False
Turtle20,OZPH,2025-07-19,2025-07-31,49.85997,49.89984800400599,SL,20433.89,361.3,1.768,12,True
Turtle20,YDEX,2025-07-16,2025-08-07,4243.8486,4296.6405,TIME,22274.42,254.67,1.143,20,True
Turtle20,GMKN,2025-07-19,2025-08-12,115.383072,128.17435999999998,TIME,16653.3,1645.82,9.883,20,True
Turtle20,PLZL,2025-07-23,2025-08-16,1964.3927999999999,2103.5792,TIME,22017.89,1463.77,6.648,20,True
Turtle20,TATN,2025-08-07,2025-08-21,686.3372400000001,686.8861725245521,SL,21079.59,385.83,1.83,12,True
Turtle20,RUAL,2025-08-16,2025-08-21,35.827163999999996,34.194116502611564,SL,23428.27,-1090.78,-4.656,5,False
Turtle20,PHOR,2025-07-30,2025-08-23,6582.3162,7046.5904,TIME,24279.34,1542.49,6.353,20,True
Turtle20,GAZP,2025-08-08,2025-08-30,134.766948,135.832828,TIME,16207.42,111.91,0.691,20,True
Turtle20,SBERP,2025-08-12,2025-09-01,314.282844,308.818224,TIME,31463.39,-578.26,-1.838,20,False
Turtle20,OZPH,2025-08-21,2025-09-10,56.391276000000005,55.778842,TIME,19508.04,-231.27,-1.186,20,False
Turtle20,GMKN,2025-09-10,2025-09-12,130.12601999999998,125.44794193754227,SL,29778.82,-1099.8,-3.693,2,False
Turtle20,LKOH,2025-09-12,2025-09-13,6625.8249,6449.548980442118,SL,31614.56,-872.28,-2.759,1,False
Turtle20,PHOR,2025-09-10,2025-09-15,7130.4258,6958.62771519879,SL,31944.5,-801.22,-2.508,5,False
Turtle20,PLZL,2025-09-09,2025-10-01,2281.65624,2366.5266,TIME,32013.88,1159.56,3.622,20,True
Turtle20,PHOR,2025-09-30,2025-10-01,7279.4556,7061.444196843736,SL,31112.51,-962.43,-3.093,1,False
Turtle20,NVTK,2025-10-17,2025-10-22,1165.4330400000001,1061.0671051841755,SL,11626.56,-1052.28,-9.051,5,False
Turtle20,SBER,2025-10-17,2025-10-22,303.29064600000004,287.2916427829756,SL,19768.21,-1062.05,-5.373,5,False
Turtle20,GMKN,2025-10-10,2025-10-27,129.0258,119.55642292132471,SL,14193.58,-1055.36,-7.435,15,False
Turtle20,NVTK,2025-11-20,2025-11-27,1115.8231199999998,1116.7155553313758,SL,21176.7,365.3,1.725,5,True
Turtle20,TATN,2025-11-21,2025-11-27,628.92576,581.4042870982136,SL,13364.65,-1022.69,-7.652,4,False
Turtle20,SBER,2025-11-20,2025-12-14,304.820952,304.709046,TIME,28459.95,-38.9,-0.137,20,False
Turtle20,GMKN,2025-11-20,2025-12-14,129.84596399999998,136.792636,TIME,22168.48,1165.86,5.259,20,True
Turtle20,YDEX,2025-11-21,2025-12-15,4175.835,4296.1406,TIME,20999.17,583.68,2.78,20,True
Turtle20,OZPH,2025-12-11,2025-12-22,52.0104,50.553899259715806,SL,30023.52,-870.38,-2.899,11,False
Turtle20,NVTK,2025-12-12,2025-12-22,1220.04396,1155.0122084726474,SL,18842.4,-1022.69,-5.428,10,False
Turtle20,AFLT,2025-12-17,2026-01-05,59.231843999999995,56.318133346619575,SL,20772.67,-1042.1,-5.017,14,False
Turtle20,OZON,2025-12-26,2026-01-08,4335.867,4339.3348264266,SL,20758.46,352.66,1.699,7,True
Turtle20,GMKN,2025-12-17,2026-01-14,140.5281,158.9682,TIME,25530.46,2581.42,10.111,20,True
Turtle20,PLZL,2025-12-17,2026-01-16,2313.4626,2559.4880000000003,TIME,28700.41,2453.15,8.547,20,True
Turtle20,NVTK,2026-01-22,2026-01-26,1243.2486,1191.278016773518,SL,25051.59,-1071.74,-4.278,4,False
Turtle20,PLZL,2026-01-21,2026-01-30,2661.1321199999998,2551.4810704220145,SL,25416.69,-1072.18,-4.218,9,False
Turtle20,IRAO,2026-01-09,2026-01-31,3.210642,3.5292939999999997,TIME,23679.45,2156.24,9.106,20,True
Turtle20,RUAL,2026-01-14,2026-02-02,38.027604000000004,38.0580184776792,SL,16608.85,329.96,1.987,19,True
Turtle20,OZON,2026-01-27,2026-02-02,4612.4223,4616.11131535554,SL,30270.31,353.83,1.169,6,True
Turtle20,SBER,2026-01-22,2026-02-05,306.66132,300.72611639074216,SL,31272.33,-636.22,-2.034,14,False
Turtle20,GAZP,2026-01-30,2026-02-05,129.245844,124.56,SL,28224.26,-1050.99,-3.724,6,False
Turtle20,MAGN,2026-02-04,2026-02-26,31.95639,31.9936,TIME,18252.08,2.99,0.016,20,True
Turtle20,YDEX,2026-02-16,2026-03-02,4848.969599999999,4657.740582491841,SL,26309.16,-1063.35,-4.042,14,False
Turtle20,MGNT,2026-02-18,2026-03-05,3367.1733,3208.862387513816,SL,22050.03,-1058.24,-4.799,15,False
Turtle20,VTBR,2026-02-16,2026-03-10,87.86756999999999,86.062784,TIME,18396.47,-396.07,-2.153,20,False
Turtle20,PHOR,2026-02-19,2026-03-13,6544.3086,7324.5348,TIME,30975.0,2602.39,8.402,20,True
Turtle20,RUAL,2026-03-03,2026-03-18,41.028204,42.78917299676784,SL,25461.64,1688.68,6.632,13,True
Turtle20,SNGSP,2026-02-28,2026-03-20,45.619122,48.79024,END,23282.01,1451.71,6.235,18,True
Turtle20,SBER,2026-03-18,2026-03-20,319.86396,320.095968,END,31507.92,-8.67,-0.028,2,False
Turtle20,PHOR,2026-03-18,2026-03-20,7545.5088,7695.4606,END,25364.34,478.45,1.886,2,True
Turtle55,GAZP,2022-06-15,2022-06-23,319.0638,292.8359043446309,SL,30000.0,-2494.85,-8.316,6,False
Turtle55,IRAO,2022-06-21,2022-06-30,3.640728,3.278024934157914,SL,30000.0,-3017.22,-10.057,7,False
Turtle55,TATNP,2022-06-21,2022-07-01,416.0832,381.4666683578597,SL,30000.0,-2524.64,-8.415,8,False
Turtle55,MGNT,2022-08-10,2022-09-07,5037.0072,5499.8998,TIME,27588.99,2467.6,8.944,20,True
Turtle55,IRAO,2022-12-30,2023-01-30,3.420684,3.509298,TIME,28329.27,705.18,2.489,20,True
Turtle55,SBERP,2023-01-12,2023-02-09,149.21983799999998,163.05738200000002,TIME,28329.27,2536.18,8.953,20,True
Turtle55,OZON,2023-01-17,2023-02-14,1588.3175999999999,1665.6668,TIME,28329.27,1615.32,5.702,20,True
Turtle55,PLZL,2023-01-26,2023-02-14,857.27142,899.2711494130748,SL,28329.27,2148.2,7.583,13,True
Turtle55,PHOR,2023-02-07,2023-02-15,6916.383,6596.115236044352,SL,28540.82,-1349.48,-4.728,6,False
Turtle55,MTLR,2023-01-30,2023-02-28,115.023,125.52489,TIME,28540.82,2474.12,8.669,20,True
Turtle55,SBER,2023-02-28,2023-03-29,170.5341,214.80703,TIME,15679.19,2833.58,18.072,20,True
Turtle55,PHOR,2023-03-06,2023-04-04,7121.424,7312.5372,TIME,13500.24,348.62,2.582,20,True
Turtle55,MAGN,2023-03-09,2023-04-06,40.798158,40.931812,TIME,15770.8,35.87,0.227,20,True
Turtle55,NVTK,2023-03-21,2023-04-18,1125.225,1314.737,TIME,15917.28,2212.32,13.899,20,True
Turtle55,OZON,2023-03-28,2023-04-25,1744.8489,1739.1521,TIME,16123.27,-68.74,-0.426,20,False
Turtle55,SBERP,2023-03-30,2023-04-27,217.29345,235.06297800000002,TIME,17245.21,1358.31,7.876,20,True
Turtle55,MTLR,2023-04-11,2023-05-02,162.812556,178.44610633160374,SL,11843.7,1770.3,14.947,14,True
Turtle55,SNGSP,2023-04-25,2023-05-02,36.907379999999996,34.362333720703965,SL,15692.87,-1097.3,-6.992,4,False
Turtle55,TATN,2023-04-04,2023-05-03,387.0774,395.22094000000004,TIME,16284.3,598.65,3.676,20,True
Turtle55,IRAO,2023-04-27,2023-05-03,4.0808159999999996,3.9211009834981576,SL,28059.6,-1125.71,-4.012,3,False
Turtle55,NVTK,2023-05-02,2023-05-03,1289.2577999999999,1280.6517134547119,SL,32986.01,-253.06,-0.767,1,False
Turtle55,SBER,2023-05-03,2023-05-10,242.89856999999998,231.127727054343,SL,22617.41,-1118.11,-4.944,4,False
Turtle55,PLZL,2023-04-18,2023-05-18,1037.0073599999998,1044.49106,TIME,17649.92,109.66,0.621,20,True
Turtle55,IRAO,2023-05-19,2023-05-31,4.290858,4.055177356860544,SL,19760.76,-1104.6,-5.59,8,False
Turtle55,LKOH,2023-05-16,2023-06-06,5069.0136,5073.0677970772795,SL,16464.28,353.01,2.144,15,True
Turtle55,T,2023-05-17,2023-06-15,2899.5798,3575.2848,TIME,12598.13,2478.7,19.675,20,True
Turtle55,PHOR,2023-05-24,2023-06-22,7556.5109999999995,7477.5042,TIME,18580.01,-212.75,-1.145,20,False
Turtle55,PLZL,2023-06-22,2023-06-26,1127.0253599999999,1051.5713748005712,SL,16428.13,-1115.74,-6.792,2,False
Turtle55,TATN,2023-05-30,2023-06-28,440.08799999999997,499.4001,TIME,22670.05,2662.6,11.745,20,True
Turtle55,NLMK,2023-05-31,2023-06-29,143.648724,170.56588,TIME,15420.72,2479.41,16.078,20,True
Turtle55,OZON,2023-06-08,2023-07-07,1947.3894,1965.1069,TIME,11292.65,91.4,0.809,20,True
Turtle55,SNGS,2023-06-16,2023-07-14,26.825364,28.764246,TIME,17747.64,1258.45,7.091,20,True
Turtle55,CHMF,2023-07-04,2023-08-01,1222.0443599999999,1367.7264,TIME,13629.27,1519.16,11.146,20,True
Turtle55,ALRS,2023-07-11,2023-08-08,74.31486,85.53289,TIME,20207.67,2569.89,12.717,20,True
Turtle55,OZON,2023-07-18,2023-08-15,2120.424,2648.4702,TIME,16223.41,2993.49,18.452,20,True
Turtle55,NVTK,2023-07-19,2023-08-16,1485.49704,1624.675,TIME,22831.14,1883.57,8.25,20,True
Turtle55,AFLT,2023-07-19,2023-08-16,44.488896,45.110976,TIME,19271.67,250.07,1.298,20,True
Turtle55,SBER,2023-08-01,2023-08-16,269.05379999999997,254.91426174396358,SL,22262.63,-1191.64,-5.353,11,False
Turtle55,TATN,2023-08-11,2023-09-08,576.01518,603.5792600000001,TIME,16731.84,783.54,4.683,20,True
Turtle55,VTBR,2023-09-01,2023-09-08,144.07881,133.89897815847553,SL,17465.88,-1250.89,-7.162,5,False
Turtle55,CHMF,2023-09-01,2023-09-08,1427.68548,1316.4108400043533,SL,15828.95,-1248.93,-7.89,5,False
Turtle55,OZON,2023-08-23,2023-09-11,2979.5958,2641.8496815965186,SL,10875.12,-1242.99,-11.43,13,False
Turtle55,LKOH,2023-08-23,2023-09-20,6633.3264,6348.7300000000005,TIME,14867.66,-652.43,-4.388,20,False
Turtle55,TATN,2023-09-19,2023-09-22,627.82554,588.7598770813206,SL,19362.99,-1223.6,-6.319,3,False
Turtle55,SNGSP,2023-09-29,2023-10-11,53.090616,53.13307787467679,SL,17797.7,424.84,2.387,8,True
Turtle55,TATNP,2023-10-04,2023-10-31,638.8277400000001,601.8150420472278,SL,20475.24,-1206.19,-5.891,19,False
Turtle55,LKOH,2023-10-13,2023-11-10,7144.4286,7268.546,TIME,19746.65,323.13,1.636,20,True
Turtle55,MTLR,2023-10-19,2023-11-16,245.139018,329.424102,TIME,14255.78,3434.25,24.09,20,True
Turtle55,MTLR,2023-11-17,2023-11-27,330.066,293.5044996233359,SL,10961.02,-1224.51,-11.171,6,False
Turtle55,OZON,2023-11-22,2023-12-01,2998.5996,2772.3741607543334,SL,16107.17,-1230.68,-7.641,7,False
Turtle55,SBER,2023-11-09,2023-12-06,278.65572000000003,268.1729667815019,SL,31385.03,-1211.47,-3.86,19,False
Turtle55,SNGSP,2023-11-10,2023-12-07,59.781954,55.615980659974795,SL,16947.66,-1197.37,-7.065,19,False
Turtle55,TATN,2023-12-20,2024-01-19,655.131,697.66044,TIME,20871.44,1324.6,6.346,20,True
Turtle55,MGNT,2023-12-21,2024-01-22,6695.8389,6965.6066,TIME,17342.01,885.94,5.109,20,True
Turtle55,ALRS,2024-01-15,2024-01-29,74.02480200000001,70.17071855510676,SL,22430.12,-1189.66,-5.304,10,False
Turtle55,CHMF,2024-01-12,2024-02-09,1545.70908,1555.6888000000001,TIME,16865.32,459.2,2.723,20,True
Turtle55,AFLT,2024-02-05,2024-02-20,39.817962,37.70442912131128,SL,22192.54,-1199.58,-5.405,11,False
Turtle55,PHOR,2024-02-14,2024-02-20,6965.3928,6776.961925184628,SL,35350.98,-991.2,-2.804,4,False
Turtle55,SBER,2024-02-15,2024-02-21,289.35786,280.9061786651137,SL,35350.98,-1067.38,-3.019,4,False
Turtle55,OZON,2024-02-14,2024-03-15,3154.6308,3239.352,TIME,15544.87,401.72,2.584,20,True
Turtle55,SNGSP,2024-02-16,2024-03-19,60.26205,61.787639999999996,TIME,27659.33,672.21,2.43,20,True
Turtle55,TATN,2024-03-05,2024-03-19,732.6465,701.0577133158808,SL,26692.96,-1177.01,-4.409,9,False
Turtle55,SBERP,2024-03-05,2024-04-03,299.85996,300.03998,TIME,33832.77,-13.53,-0.04,20,False
Turtle55,PLZL,2024-03-05,2024-04-03,1159.43184,1307.7384,TIME,20440.98,2218.41,10.853,20,True
Turtle55,NLMK,2024-03-21,2024-04-18,212.822556,226.9546,TIME,19454.27,1267.97,6.518,20,True
Turtle55,OZON,2024-03-21,2024-04-18,3500.7,3901.2196,TIME,18450.68,1885.89,10.221,20,True
Turtle55,SNGSP,2024-03-27,2024-04-24,64.53290399999999,67.28654,TIME,23732.49,1088.18,4.585,20,True
Turtle55,PLZL,2024-04-03,2024-04-30,1308.2616,1352.7294,TIME,16194.47,750.92,4.637,20,True
Turtle55,IRAO,2024-04-03,2024-04-30,4.290858,4.289142,TIME,26066.38,-36.49,-0.14,20,False
Turtle55,SBER,2024-04-23,2024-05-03,315.453078,306.5654234770289,SL,35950.23,-1048.31,-2.916,8,False
Turtle55,OZON,2024-04-19,2024-05-20,4000.7999999999997,4649.07,TIME,17590.93,2389.62,13.584,20,True
Turtle55,IRAO,2024-05-13,2024-05-21,4.55091,4.331065173201053,SL,25061.23,-1235.11,-4.928,6,False
Turtle55,CHMF,2024-04-30,2024-05-29,1931.3862,1862.11230577279,SL,34096.18,-1256.43,-3.685,19,False
Turtle55,ALRS,2024-05-21,2024-05-30,81.46629,77.65790006011346,SL,26149.02,-1247.95,-4.772,7,False
Turtle55,SNGSP,2024-05-14,2024-05-31,70.784154,67.89979279676615,SL,29733.22,-1240.72,-4.173,13,False
Turtle55,SBER,2024-05-15,2024-05-31,318.26364,310.3843384551663,SL,36176.52,-931.36,-2.574,12,False
Turtle55,AFLT,2024-05-20,2024-06-03,58.0116,53.31991729457129,SL,15240.6,-1247.21,-8.183,10,False
Turtle55,AFLT,2024-06-17,2024-07-09,62.902578,55.5227453055223,SL,9886.82,-1169.24,-11.826,16,False
Turtle55,SBER,2024-06-28,2024-07-11,327.935574,313.4530347086857,SL,26339.59,-1188.99,-4.514,9,False
Turtle55,PLZL,2024-09-17,2024-10-15,1328.01555,1334.08313,TIME,14557.57,51.92,0.357,20,True
Turtle55,AFLT,2024-10-15,2024-11-12,56.301258,61.977602000000005,TIME,17544.56,1641.78,9.358,20,True
Turtle55,SNGSP,2024-10-16,2024-11-13,57.481494,55.83883,TIME,16643.4,-492.03,-2.956,20,False
Turtle55,PLZL,2024-10-22,2024-11-19,1463.49264,1464.707,TIME,18379.17,-3.14,-0.017,20,False
Turtle55,RUAL,2024-11-08,2024-11-25,37.477494,34.21601234496745,SL,13071.14,-1150.02,-8.798,11,False
Turtle55,AFLT,2024-11-12,2024-11-26,62.002398,56.4223612787007,SL,12821.31,-1166.13,-9.095,10,False
Turtle55,IRAO,2024-11-12,2024-11-26,4.0008,3.815433675675102,SL,24956.84,-1180.69,-4.731,10,False
Turtle55,SNGSP,2024-11-20,2024-12-05,58.541706,55.291601104014305,SL,20723.29,-1170.66,-5.649,11,False
Turtle55,PHOR,2024-12-03,2024-12-30,5851.17,6379.7238,TIME,12353.72,1163.66,9.419,20,True
Turtle55,ROSN,2024-12-23,2025-01-23,562.1124,538.8922,TIME,11502.71,-486.43,-4.229,20,False
Turtle55,SBER,2024-12-26,2025-01-28,272.0544,275.19495,TIME,11927.53,125.69,1.054,20,True
Turtle55,CHMF,2025-01-03,2025-02-03,1330.266,1211.55764,TIME,10336.81,-932.3,-9.019,20,False
Turtle55,PHOR,2025-01-23,2025-02-14,6881.376,6479.012966663981,SL,18988.27,-1128.7,-5.944,16,False
Turtle55,PLZL,2025-01-22,2025-02-19,1580.316,1874.47503,TIME,18658.9,2762.55,14.806,20,True
Turtle55,SNGS,2025-01-23,2025-02-20,28.05561,29.184162,TIME,11394.89,446.74,3.921,20,True
Turtle55,OZPH,2025-02-24,2025-02-27,62.712540000000004,53.09571524137014,SL,7308.04,-1127.42,-15.427,3,False
Turtle55,OZON,2025-01-31,2025-02-28,3636.7272,3975.2048,TIME,9634.68,999.34,10.372,20,True
Turtle55,SBER,2025-02-07,2025-03-05,287.717532,316.33671999999996,TIME,22422.6,1916.03,8.545,20,True
Turtle55,GMKN,2025-02-17,2025-03-13,134.0268,133.77324000000002,TIME,8930.07,-25.82,-0.289,20,False
Turtle55,AFLT,2025-02-21,2025-03-17,76.835364,75.844828,TIME,9673.82,-134.32,-1.389,20,False
Turtle55,T,2025-03-19,2025-03-28,3584.11668,3361.717695996072,SL,18358.29,-1156.94,-6.302,7,False
Turtle55,VTBR,2025-04-29,2025-05-21,98.76975,96.310734,TIME,8251.69,-213.59,-2.588,20,False
Turtle55,SNGSP,2025-07-02,2025-07-08,54.180834,52.22797244474704,SL,31296.73,-1158.77,-3.703,6,False
Turtle55,PLZL,2025-07-02,2025-07-14,1865.57304,1751.6505473197426,SL,18430.44,-1143.34,-6.204,12,False
Turtle55,GMKN,2025-07-19,2025-08-12,115.383072,128.17435999999998,TIME,14130.34,1475.35,10.441,20,True
Turtle55,OZON,2025-07-17,2025-08-14,4133.8266,4321.1356000000005,TIME,15331.59,864.05,5.636,20,True
Turtle55,PLZL,2025-07-23,2025-08-16,1964.3927999999999,2103.5792,TIME,18446.57,1309.21,7.097,20,True
Turtle55,TATN,2025-08-07,2025-08-21,686.3372400000001,686.8861725245521,SL,17714.15,407.5,2.3,12,True
Turtle55,AFLT,2025-08-14,2025-08-21,68.21364,62.62107927028167,SL,13720.62,-1138.06,-8.294,7,False
Turtle55,RUAL,2025-08-16,2025-08-21,35.827163999999996,33.55198412826445,SL,17933.11,-1156.19,-6.447,5,False
Turtle55,PHOR,2025-08-07,2025-08-29,6696.339,7007.5982,TIME,22088.12,1088.69,4.929,20,True
Turtle55,NVTK,2025-08-12,2025-09-01,1222.2444,1245.7508,TIME,12297.35,224.09,1.822,20,True
Turtle55,OZPH,2025-08-21,2025-09-10,56.391276000000005,55.778842,TIME,16508.52,-195.71,-1.186,20,False
Turtle55,LKOH,2025-09-12,2025-09-14,6625.8249,6405.642550552648,SL,33833.21,-1157.58,-3.421,2,False
Turtle55,PHOR,2025-09-11,2025-09-15,7166.433,6937.0,SL,33833.21,-1116.46,-3.3,4,False
Turtle55,PLZL,2025-09-09,2025-10-01,2281.65624,2366.5266,TIME,28611.25,1116.83,3.903,20,True
Turtle55,PHOR,2025-09-30,2025-10-01,7279.4556,6999.67074605467,SL,28895.42,-1138.93,-3.942,1,False
Turtle55,GMKN,2025-10-17,2025-10-27,134.32686,123.16854275839663,SL,13329.46,-1120.03,-8.403,8,False
Turtle55,GAZP,2025-11-21,2025-12-15,128.21563799999998,128.73424799999998,TIME,16456.72,50.07,0.304,20,True
Turtle55,T,2025-12-08,2025-12-28,3197.6394,3250.54976,TIME,26568.19,412.83,1.554,20,True
Turtle55,SNGS,2025-12-17,2025-12-29,23.0046,21.623927868741205,SL,18287.27,-1115.29,-6.099,12,False
Turtle55,GMKN,2025-12-10,2025-12-30,138.00759599999998,148.67025999999998,TIME,17459.37,1309.25,7.499,20,True
Turtle55,IRAO,2025-12-12,2026-01-06,3.140628,3.109378,TIME,20060.87,-219.57,-1.095,20,False
Turtle55,AFLT,2025-12-18,2026-01-13,60.252048,56.14978362550454,SL,16113.91,-1112.68,-6.905,18,False
Turtle55,NVTK,2026-01-22,2026-01-27,1243.2486,1178.4096709668977,SL,20915.91,-1111.19,-5.313,5,False
Turtle55,RUAL,2026-01-06,2026-01-29,34.696937999999996,42.341530000000006,TIME,21006.36,3295.52,15.688,20,True
Turtle55,PLZL,2026-01-13,2026-01-30,2547.5094,2549.54689801812,SL,18046.4,380.67,2.109,17,True
Turtle55,IRAO,2026-01-09,2026-01-31,3.210642,3.5292939999999997,TIME,20986.14,1828.51,8.713,20,True
Turtle55,GMKN,2026-01-30,2026-01-31,168.213636,161.46230434234116,SL,27852.08,-1145.15,-4.112,1,False
Turtle55,OZON,2026-01-27,2026-02-10,4612.4223,4415.264908622704,SL,25279.92,-1105.33,-4.372,14,False
Turtle55,T,2026-01-22,2026-02-11,3342.6684,3295.3408,TIME,32605.74,-494.03,-1.515,20,False
Turtle55,SNGSP,2026-01-29,2026-02-17,44.668932,42.61328629951427,SL,24192.27,-1136.95,-4.7,17,False
Turtle55,MAGN,2026-02-04,2026-02-26,31.95639,31.9936,TIME,15586.1,2.55,0.016,20,True
Turtle55,YDEX,2026-02-16,2026-03-03,4848.969599999999,4610.793053114801,SL,22550.08,-1129.63,-5.009,15,False
Turtle55,MGNT,2026-02-18,2026-03-06,3367.1733,3170.0,SL,18672.15,-1111.52,-5.953,16,False
Turtle55,VTBR,2026-02-16,2026-03-10,87.86756999999999,86.062784,TIME,15886.55,-342.03,-2.153,20,False
Turtle55,PHOR,2026-02-19,2026-03-13,6544.3086,7324.5348,TIME,31655.09,2956.07,9.338,20,True
Turtle55,SNGSP,2026-02-28,2026-03-20,45.619122,48.79024,END,19993.18,1320.51,6.605,18,True
Turtle55,TATN,2026-03-03,2026-03-20,607.52148,655.5688600000001,END,20640.98,1500.22,7.268,15,True
Turtle55,RUAL,2026-03-09,2026-03-20,45.10902,42.001598,END,13372.6,-934.11,-6.985,11,False
Turtle55,SBER,2026-03-18,2026-03-20,319.86396,320.095968,END,32871.99,-9.04,-0.028,2,False
Turtle55,PHOR,2026-03-18,2026-03-20,7545.5088,7695.4606,END,20935.54,394.91,1.886,2,True
ATR_BO,PHOR,2022-06-17,2022-06-30,7701.54,7707.699691691999,SL,30000.0,599.21,1.997,9,True
ATR_BO,SBERP,2023-02-01,2023-02-14,155.611116,160.30795868250362,SL,30179.76,1399.64,4.638,9,True
ATR_BO,AFLT,2023-03-21,2023-03-27,29.865972,31.025332597088788,SL,30599.65,1832.89,5.99,4,True
ATR_BO,PHOR,2023-03-06,2023-04-04,7121.424,7312.5372,TIME,30599.65,790.17,2.582,20,True
ATR_BO,VTBR,2023-04-04,2023-04-06,100.02,93.15388030628894,SL,31386.57,-2184.92,-6.961,2,False
ATR_BO,PLZL,2023-03-14,2023-04-11,943.1886,968.55625,TIME,30599.65,791.99,2.588,20,True
ATR_BO,NVTK,2023-03-21,2023-04-18,1125.225,1314.737,TIME,30599.65,3739.0,12.219,20,True
ATR_BO,MTLR,2023-03-29,2023-04-26,151.660326,195.23094600000002,TIME,31149.52,5958.25,19.128,20,True
ATR_BO,LKOH,2023-04-21,2023-05-03,4760.4519,4529.8583150525,SL,32090.39,-1585.75,-4.942,7,False
ATR_BO,PLZL,2023-05-30,2023-06-05,1065.01296,1021.2328854793811,SL,33402.14,-1405.8,-4.209,4,False
ATR_BO,LKOH,2023-05-16,2023-06-06,5069.0136,5073.0677970772795,SL,33402.14,510.97,1.53,15,True
ATR_BO,T,2023-05-23,2023-06-06,3200.64,3203.1998718719997,SL,33402.14,801.61,2.4,10,True
ATR_BO,OZON,2023-06-08,2023-07-07,1947.3894,1965.1069,TIME,16213.8,131.23,0.809,20,True
ATR_BO,SBER,2023-07-11,2023-07-20,250.060002,242.60737488553576,SL,33413.54,-1028.75,-3.079,7,False
ATR_BO,SNGSP,2023-06-27,2023-07-25,39.167832,43.19136,TIME,17516.83,1616.82,9.23,20,True
ATR_BO,SNGS,2023-08-02,2023-08-08,31.276253999999998,29.9062904114442,SL,25674.07,-1149.69,-4.478,4,False
ATR_BO,RUAL,2023-07-25,2023-08-16,43.298657999999996,41.374345208370485,SL,25302.24,-1149.24,-4.542,16,False
ATR_BO,VTBR,2023-08-11,2023-08-16,142.72853999999998,132.52458609833062,SL,15540.96,-1126.04,-7.246,3,False
ATR_BO,GMKN,2023-08-29,2023-09-14,168.01359599999998,160.8774600970254,SL,25670.86,-1115.46,-4.345,12,False
ATR_BO,SNGSP,2023-09-29,2023-10-11,53.090616,53.13307787467679,SL,22630.56,385.78,1.705,8,True
ATR_BO,CHMF,2023-09-25,2023-10-23,1341.66828,1409.718,TIME,17094.9,849.53,4.969,20,True
ATR_BO,SNGSP,2023-10-25,2023-11-22,56.31126,59.08818,TIME,18143.58,876.14,4.829,20,True
ATR_BO,VTBR,2024-01-08,2024-01-24,120.27405,120.37024518519,SL,26579.11,358.97,1.351,12,True
ATR_BO,MAGN,2024-01-12,2024-02-08,56.201238,56.24618775015239,SL,23482.7,364.08,1.55,19,True
ATR_BO,SNGS,2024-02-02,2024-02-08,31.0062,29.629610843533506,SL,24860.06,-1128.03,-4.538,4,False
ATR_BO,PHOR,2024-02-14,2024-02-20,6965.3928,6823.343722132931,SL,32739.78,-700.09,-2.138,4,False
ATR_BO,OZON,2024-02-13,2024-02-21,2996.5992,2998.99588004016,SL,21487.44,376.44,1.752,6,True
ATR_BO,SBERP,2024-02-27,2024-03-22,291.0582,291.29098834836,SL,32642.68,284.47,0.871,17,True
ATR_BO,IRAO,2024-03-01,2024-04-01,4.0808159999999996,4.079184000000001,TIME,32642.68,253.8,0.778,20,True
ATR_BO,PLZL,2024-03-05,2024-04-03,1159.43184,1307.7384,TIME,26923.34,2709.95,10.065,20,True
ATR_BO,CHMF,2024-03-22,2024-04-19,1796.95932,1867.0265200000001,TIME,32728.03,1211.61,3.702,20,True
ATR_BO,SBER,2024-04-04,2024-04-23,306.86136,307.106787715728,SL,33617.15,240.01,0.714,13,True
ATR_BO,IRAO,2024-04-02,2024-04-24,4.220844,4.224219831031199,SL,32804.16,311.59,0.95,16,True
ATR_BO,SBER,2024-04-23,2024-04-24,315.453078,308.90666546346085,SL,34052.64,-740.37,-2.174,1,False
ATR_BO,SNGS,2024-04-02,2024-04-29,31.366272,34.69306,TIME,20434.32,1856.14,9.083,20,True
ATR_BO,MGNT,2024-04-16,2024-05-15,8249.6496,8288.342,TIME,33378.35,123.09,0.369,20,True
ATR_BO,AFLT,2024-05-15,2024-05-28,54.300858,54.34428782622839,SL,23976.44,384.32,1.603,9,True
ATR_BO,MAGN,2024-05-14,2024-05-31,57.851568,55.58340834530055,SL,29459.97,-1183.91,-4.019,13,False
ATR_BO,PLZL,2024-07-12,2024-08-09,1220.244,1236.5526399999999,TIME,16296.47,201.4,1.236,20,True
ATR_BO,RUAL,2024-11-18,2024-11-21,38.95779,36.98398157537931,SL,22676.6,-1171.02,-5.164,3,False
ATR_BO,AFLT,2024-12-23,2025-01-23,55.831164,60.207956,TIME,12194.72,994.25,8.153,20,True
ATR_BO,PHOR,2024-12-24,2025-01-24,6298.2594,7013.597,TIME,14899.55,1574.67,10.569,20,True
ATR_BO,T,2025-01-13,2025-02-10,2968.19352,3121.3756,TIME,15088.2,811.66,5.379,20,True
ATR_BO,ROSN,2025-02-13,2025-02-14,578.2156200000001,546.2871375905038,SL,21201.28,-1191.33,-5.619,1,False
ATR_BO,PLZL,2025-01-22,2025-02-19,1580.316,1874.47503,TIME,26378.3,3353.31,12.712,20,True
ATR_BO,VTBR,2025-02-18,2025-02-28,99.74994600000001,88.86622320000001,SL,10601.06,-1166.71,-11.006,8,False
ATR_BO,OZPH,2025-02-07,2025-03-07,47.529504,56.608675999999996,TIME,11826.89,2176.62,18.404,20,True
ATR_BO,AFLT,2025-02-13,2025-03-11,69.403878,74.68506000000001,TIME,17160.53,1313.9,7.657,20,True
ATR_BO,OZON,2025-02-13,2025-03-13,4050.81,3949.21,TIME,13372.06,-348.59,-2.607,20,False
ATR_BO,PHOR,2025-03-26,2025-03-27,6991.398,6624.369916354918,SL,23095.67,-1234.95,-5.347,1,False
ATR_BO,OZPH,2025-04-18,2025-05-05,55.211040000000004,50.97681663719127,SL,15629.03,-1213.65,-7.765,14,False
ATR_BO,PHOR,2025-05-08,2025-05-27,6285.2568,6290.283748388639,SL,23571.31,383.97,1.629,16,True
ATR_BO,PLZL,2025-06-03,2025-06-09,1727.9455199999998,1729.3275308268956,SL,24532.4,424.37,1.73,6,True
ATR_BO,SBER,2025-05-29,2025-06-10,308.671722,308.91859764325557,SL,30884.18,404.46,1.31,12,True
ATR_BO,VTBR,2025-06-23,2025-07-02,102.440484,102.52241589910318,SL,24756.95,357.74,1.445,9,True
ATR_BO,AFLT,2025-06-25,2025-07-09,65.26304999999999,62.06913235290507,SL,24528.15,-1224.31,-4.991,14,False
ATR_BO,SBER,2025-07-15,2025-07-18,318.223632,308.52081966810545,SL,35611.63,-1120.89,-3.148,3,False
ATR_BO,YDEX,2025-07-15,2025-07-28,4143.8286,4147.142834114279,SL,30528.47,409.57,1.342,13,True
ATR_BO,GMKN,2025-07-19,2025-08-12,115.383072,128.17435999999998,TIME,20977.07,2026.3,9.66,20,True
ATR_BO,YDEX,2025-08-19,2025-08-21,4507.9014,4319.4662137940895,SL,28844.54,-1233.97,-4.278,2,False
ATR_BO,PHOR,2025-07-30,2025-08-23,6582.3162,7046.5904,TIME,31028.27,1923.96,6.201,20,True
ATR_BO,PHOR,2025-09-09,2025-09-13,7043.4084,7049.041718038319,SL,36213.12,237.3,0.655,4,True
ATR_BO,PLZL,2025-09-30,2025-10-02,2405.4809999999998,2317.4362371669795,SL,33219.17,-1248.49,-3.758,2,False
ATR_BO,NVTK,2025-10-17,2025-10-22,1165.4330400000001,1071.1371546657579,SL,14827.7,-1213.95,-8.187,5,False
ATR_BO,SBER,2025-10-17,2025-10-22,303.29064600000004,288.84742030467805,SL,25236.38,-1226.44,-4.86,5,False
ATR_BO,GMKN,2025-10-17,2025-10-22,134.32686,126.28902774604559,SL,20067.0,-1220.23,-6.081,5,False
ATR_BO,OZPH,2025-12-11,2025-12-22,52.0104,50.683472133744225,SL,34811.58,-922.51,-2.65,11,False
ATR_BO,OZON,2025-12-05,2025-12-29,3986.2971,4529.094,TIME,28418.91,2969.18,10.448,20,True
ATR_BO,SNGS,2025-12-16,2025-12-29,22.594518,21.715282075569615,SL,29967.54,-1195.53,-3.989,13,False
ATR_BO,PLZL,2025-12-12,2026-01-09,2260.05192,2411.5176,TIME,30169.72,1778.73,5.896,20,True
ATR_BO,RUAL,2025-12-27,2026-01-24,34.20684,40.64187,TIME,27073.68,3378.79,12.48,20,True
ATR_BO,PLZL,2026-01-13,2026-01-30,2547.5094,2549.54689801812,SL,27331.3,411.27,1.505,17,True
ATR_BO,SBER,2026-01-30,2026-02-02,308.0616,302.5661722020203,SL,36737.56,-691.76,-1.883,3,False
ATR_BO,AFLT,2026-01-22,2026-02-05,58.601718000000005,56.31168822345895,SL,30517.3,-1222.47,-4.006,14,False
ATR_BO,NLMK,2026-01-30,2026-02-05,114.862968,109.92553878014142,SL,28615.86,-1258.06,-4.396,6,False
ATR_BO,YDEX,2026-02-12,2026-03-02,4699.9398,4703.69881185204,SL,35785.87,402.78,1.126,16,True
ATR_BO,VTBR,2026-02-16,2026-03-10,87.86756999999999,86.062784,TIME,23484.25,-505.61,-2.153,20,False
ATR_BO,SNGSP,2026-02-26,2026-03-11,44.588916,46.191570526763925,SL,35425.64,1962.43,5.54,11,True
ATR_BO,RUAL,2026-03-05,2026-03-18,42.20844,42.242198310312,SL,27089.12,403.53,1.49,11,True
52W_High,OZON,2023-03-28,2023-04-06,1744.8489,1746.2444301502198,SL,30000.0,510.2,1.701,7,True
52W_High,SBERP,2023-03-21,2023-04-18,204.0408,228.40430999999998,TIME,30000.0,3162.31,10.541,20,True
52W_High,MTLR,2023-03-29,2023-04-26,151.660326,195.23094600000002,TIME,30000.0,5996.84,19.989,20,True
52W_High,IRAO,2023-03-30,2023-04-27,3.7607519999999997,4.079184000000001,TIME,30000.0,2191.27,7.304,20,True
52W_High,IRAO,2023-04-27,2023-05-02,4.0808159999999996,3.954717186798526,SL,33558.19,-1070.0,-3.188,2,False
52W_High,IRAO,2023-05-03,2023-05-04,4.10082,3.8928099370063287,SL,33237.19,-1718.32,-5.17,1,False
52W_High,AFLT,2023-04-21,2023-05-08,39.207840000000004,36.165363281613395,SL,31101.75,-2443.35,-7.856,10,False
52W_High,SBER,2023-04-19,2023-05-10,232.716534,232.90266068389317,SL,31101.75,436.59,1.404,13,True
52W_High,LKOH,2023-05-12,2023-06-06,4800.96,5034.6891182694835,SL,32119.66,2420.1,7.535,17,True
52W_High,T,2023-05-30,2023-06-06,3324.6648,3131.786210584562,SL,32119.66,-1894.59,-5.899,5,False
52W_High,IRAO,2023-05-12,2023-06-09,4.170834,4.079184000000001,TIME,32119.66,-737.56,-2.296,20,False
52W_High,OZON,2023-05-25,2023-06-23,1804.8609,2011.5976,TIME,32119.66,3185.59,9.918,20,True
52W_High,AFLT,2023-06-15,2023-06-23,41.35827,41.39134834434599,SL,21372.54,340.57,1.593,6,True
52W_High,PLZL,2023-06-23,2023-06-26,1113.2226,1052.6867541283962,SL,20369.1,-1127.46,-5.535,1,False
52W_High,NLMK,2023-05-30,2023-06-28,141.268248,172.885416,TIME,32119.66,4884.56,15.207,20,True
52W_High,ROSN,2023-06-06,2023-07-05,457.44147000000004,474.15515,TIME,21611.78,936.31,4.332,20,True
52W_High,TATN,2023-06-06,2023-07-05,474.99497999999994,494.80102,TIME,22180.65,1010.72,4.557,20,True
52W_High,SBERP,2023-06-27,2023-07-25,237.34746,244.50109,TIME,28983.41,844.14,2.912,20,True
52W_High,MAGN,2023-06-28,2023-07-26,47.15943,52.63947,TIME,13886.04,1525.95,10.989,20,True
52W_High,NVTK,2023-07-07,2023-08-04,1365.67308,1602.0795200000002,TIME,27814.81,3307.45,11.891,20,True
52W_High,OZON,2023-07-12,2023-08-04,2043.9087,2746.8614623384874,TP3,21504.89,4260.92,19.814,17,True
52W_High,TATN,2023-07-26,2023-08-04,509.40186,527.0285429786857,SL,35536.16,1893.97,5.33,7,True
52W_High,MTLR,2023-07-27,2023-08-04,203.14061999999998,215.01690397774695,SL,21452.06,1944.85,9.066,6,True
52W_High,MTLR,2023-08-04,2023-08-07,235.006992,218.9814456235776,SL,19095.7,-1320.61,-6.916,1,False
52W_High,T,2023-08-04,2023-08-08,3648.7296,3443.341826850223,SL,23147.55,-1325.48,-5.726,2,False
52W_High,ALRS,2023-07-19,2023-08-15,81.91638,86.03246514994144,SL,23931.42,1861.74,7.779,19,True
52W_High,MTLR,2023-08-07,2023-08-30,226.0452,205.07752687376728,SL,13884.66,-1301.16,-9.371,17,False
52W_High,OZON,2023-08-04,2023-09-01,2708.5416,2834.433,TIME,15217.72,886.2,5.823,20,True
52W_High,LKOH,2023-08-07,2023-09-04,6178.2354,6842.6312,TIME,20970.53,1926.13,9.185,20,True
52W_High,TATNP,2023-08-08,2023-09-05,539.6079,592.78142,TIME,23199.49,2026.22,8.734,20,True
52W_High,IRAO,2023-09-05,2023-09-07,4.35087,4.354349825826,SL,26191.5,418.77,1.599,2,True
52W_High,IRAO,2023-09-07,2023-09-08,4.55091,4.288018239520795,SL,23104.66,-1357.12,-5.874,1,False
52W_High,CHMF,2023-08-30,2023-09-11,1360.07196,1271.082723554932,SL,19584.6,-1300.36,-6.64,8,False
52W_High,ROSN,2023-09-06,2023-09-11,574.6149,551.7784973767201,SL,33530.74,-1365.45,-4.072,3,False
52W_High,SBERP,2023-08-15,2023-09-12,259.10181,256.888612,TIME,32960.96,-314.37,-0.954,20,False
52W_High,TATN,2023-09-08,2023-10-06,603.82074,634.873,TIME,27006.99,1414.85,5.239,20,True
52W_High,SNGSP,2023-09-29,2023-10-11,53.090616,53.13307787467679,SL,24333.11,462.24,1.9,8,True
52W_High,NLMK,2023-09-25,2023-10-23,208.0416,197.420508,TIME,19335.62,-1005.98,-5.203,20,False
52W_High,IRAO,2023-10-24,2023-10-26,4.530906,4.34,SL,30831.63,-1329.25,-4.311,2,False
52W_High,NVTK,2023-10-11,2023-11-02,1719.94392,1645.6459452631254,SL,30361.14,-1341.24,-4.418,16,False
52W_High,SBERP,2023-10-17,2023-11-14,268.093608,282.66345600000005,TIME,39171.8,1896.71,4.842,20,True
52W_High,ROSN,2023-11-13,2023-11-16,600.12,573.9738184772158,SL,29254.31,-1303.18,-4.455,3,False
52W_High,MTLR,2023-10-23,2023-11-20,257.0514,327.78443000000004,TIME,14960.15,3126.25,20.897,20,True
52W_High,MGNT,2023-10-24,2023-11-21,5983.1964,5929.8138,TIME,28058.56,-278.27,-0.992,20,False
52W_High,SBER,2023-11-28,2023-11-30,282.45648,273.66466227257547,SL,39101.31,-1255.57,-3.211,2,False
52W_High,OZON,2023-11-21,2023-12-04,2853.0705,2699.009702234769,SL,24222.29,-1331.53,-5.497,9,False
52W_High,SBERP,2023-12-01,2023-12-06,277.00539,267.8712658561125,SL,38724.64,-1315.01,-3.396,3,False
52W_High,SNGSP,2023-11-20,2023-12-07,59.231843999999995,55.73154366513179,SL,22173.37,-1331.85,-6.007,13,False
52W_High,TATN,2023-11-22,2023-12-20,636.1272,654.869,TIME,30165.77,858.14,2.845,20,True
52W_High,MGNT,2023-12-26,2024-01-16,6945.3888,6950.943721962239,SL,24217.81,433.64,1.791,13,True
52W_High,OZON,2024-01-16,2024-01-17,3035.607,2888.860437015184,SL,26249.62,-1294.57,-4.932,1,False
52W_High,TATNP,2023-12-20,2024-01-19,654.1308,698.6602399999999,TIME,29964.61,1829.91,6.107,20,True
52W_High,SNGSP,2023-12-26,2024-01-25,57.991595999999994,56.068784,TIME,18721.64,-639.16,-3.414,20,False
52W_High,CHMF,2024-01-12,2024-02-09,1545.70908,1555.6888000000001,TIME,22583.24,507.52,2.247,20,True
52W_High,ROSN,2024-02-06,2024-02-20,593.1186,576.6642586484121,SL,37887.51,-1088.44,-2.873,10,False
52W_High,SBER,2024-02-08,2024-02-20,284.57690399999996,284.8045086078191,SL,37887.51,234.7,0.619,8,True
52W_High,SNGSP,2024-02-20,2024-02-21,61.202237999999994,58.86654211567318,SL,33168.72,-1298.37,-3.914,1,False
52W_High,TATNP,2024-02-20,2024-02-21,703.1406,684.7788719601499,SL,37783.65,-1023.97,-2.71,1,False
52W_High,MGNT,2024-02-09,2024-03-12,7321.464,7748.45,TIME,35247.29,1851.01,5.251,20,True
52W_High,TATN,2024-03-01,2024-03-18,718.9437599999999,719.5187712192478,SL,37086.94,418.08,1.127,10,True
52W_High,TATN,2024-03-18,2024-03-19,723.74472,697.6352138040802,SL,35084.33,-1300.14,-3.706,1,False
52W_High,SNGSP,2024-02-21,2024-03-22,59.241845999999995,62.477502,TIME,25691.32,1397.4,5.439,20,True
52W_High,SBER,2024-02-21,2024-03-22,283.95678,295.710846,TIME,37086.94,1393.08,3.756,20,True
52W_High,OZON,2024-03-20,2024-04-17,3391.6782,3847.2304,TIME,24658.98,2849.94,11.557,20,True
52W_High,NLMK,2024-03-21,2024-04-18,212.822556,226.9546,TIME,26039.35,1594.17,6.122,20,True
52W_High,SNGSP,2024-03-22,2024-04-19,62.502498,68.78623999999999,TIME,31966.22,2639.3,8.257,20,True
52W_High,SBER,2024-03-22,2024-04-19,295.82915399999996,307.9384,TIME,38214.77,1415.26,3.703,20,True
52W_High,SBER,2024-04-23,2024-04-24,315.453078,308.2377391816231,SL,40764.38,-972.7,-2.386,1,False
52W_High,PLZL,2024-04-02,2024-04-29,1249.0497599999999,1370.7258,TIME,23922.52,2411.14,10.079,20,True
52W_High,SNGS,2024-04-22,2024-05-15,34.35687,34.384348624626,SL,21065.36,452.51,2.148,16,True
52W_High,CHMF,2024-04-18,2024-05-17,1868.3736,1975.40484,TIME,35018.61,1784.21,5.095,20,True
52W_High,OZON,2024-04-19,2024-05-20,4000.7999999999997,4649.07,TIME,24688.62,3198.71,12.956,20,True
52W_High,PLZL,2024-05-21,2024-05-23,1440.7881,1383.7385875452787,SL,36228.65,-1470.02,-4.058,2,False
52W_High,SNGSP,2024-05-15,2024-05-24,70.21404,70.27019718919199,SL,41331.66,415.8,1.006,7,True
52W_High,TATNP,2024-05-16,2024-05-24,735.5470799999999,716.718803082564,SL,41331.66,-1098.8,-2.658,6,False
52W_High,CHMF,2024-05-23,2024-05-27,2002.4004,1949.9001034858793,SL,42385.53,-1153.12,-2.721,2,False
52W_High,AFLT,2024-05-15,2024-05-28,54.300858,54.34428782622839,SL,25948.9,463.59,1.787,9,True
52W_High,MGNT,2024-05-21,2024-05-28,8146.629,7815.064354644289,SL,35241.47,-1468.84,-4.168,5,False
52W_High,TATN,2024-05-27,2024-05-28,732.1464,706.284410064529,SL,39694.51,-1441.14,-3.631,1,False
52W_High,CHMF,2024-05-28,2024-05-29,1943.9887199999998,1867.8763307017707,SL,35164.5,-1411.26,-4.013,1,False
52W_High,SNGSP,2024-05-27,2024-05-31,70.574112,68.37034098701747,SL,41834.69,-1347.53,-3.221,4,False
52W_High,SBERP,2024-05-27,2024-05-31,321.804348,313.98900534364805,SL,41834.69,-1057.32,-2.527,4,False
52W_High,OZON,2024-06-10,2024-06-13,4651.4301,4220.259424801883,SL,14396.22,-1348.21,-9.365,2,False
52W_High,AFLT,2024-06-17,2024-07-08,62.902578,56.979683444417844,SL,14028.54,-1334.29,-9.511,15,False
52W_High,PLZL,2024-10-22,2024-11-06,1463.49264,1464.663141413472,SL,25838.04,405.47,1.569,11,True
52W_High,AFLT,2024-11-18,2024-11-19,62.06240999999999,59.897896001927435,SL,37744.18,-1353.47,-3.586,1,False
52W_High,PHOR,2025-02-05,2025-02-12,7230.4457999999995,6852.673497004772,SL,24886.92,-1324.51,-5.322,5,False
52W_High,TATN,2025-02-13,2025-02-14,735.74712,701.1604299186112,SL,27389.18,-1314.28,-4.799,1,False
52W_High,PLZL,2025-01-22,2025-02-19,1580.316,1874.47503,TIME,27161.73,3615.34,13.31,20,True
52W_High,AFLT,2025-01-31,2025-02-28,64.522902,71.255746,TIME,18238.12,2338.64,12.823,20,True
52W_High,T,2025-02-13,2025-02-28,3399.6798,3183.669746069265,SL,20241.42,-1305.7,-6.451,11,False
52W_High,GAZP,2025-02-18,2025-02-28,181.0362,164.07128994409825,SL,13569.86,-1284.57,-9.466,8,False
52W_High,PLZL,2025-02-26,2025-03-20,1952.4904199999999,1909.618,TIME,20713.27,-475.3,-2.295,20,False
52W_High,T,2025-03-19,2025-03-27,3584.11668,3402.1915647968576,SL,25763.09,-1332.81,-5.173,6,False
52W_High,PLZL,2025-04-23,2025-04-25,1948.3896,1839.4341295921954,SL,23051.92,-1311.49,-5.689,2,False
52W_High,VTBR,2025-06-25,2025-07-02,106.681332,101.4278787962017,SL,25922.63,-1301.83,-5.022,7,False
52W_High,SBER,2025-07-17,2025-07-18,321.324252,312.14192758869046,SL,37757.84,-1116.21,-2.956,1,False
52W_High,OZON,2025-07-22,2025-07-30,4246.8492,4017.804135443421,SL,23210.77,-1274.41,-5.491,6,False
52W_High,PLZL,2025-07-22,2025-08-12,1945.389,2051.289658322636,SL,24116.66,2034.36,8.435,17,True
52W_High,OZON,2025-08-08,2025-09-05,4369.8738,4322.1354,TIME,19807.15,-236.08,-1.192,20,False
52W_High,PHOR,2025-09-10,2025-09-15,7130.4258,6958.62771519879,SL,37580.14,-942.57,-2.508,5,False
52W_High,PLZL,2025-09-03,2025-09-25,2225.445,2309.538,TIME,29557.78,1193.74,4.039,20,True
52W_High,PHOR,2025-09-26,2025-10-01,7178.435399999999,6906.88027436764,SL,33349.87,-1294.32,-3.881,5,False
52W_High,PLZL,2025-09-30,2025-10-02,2405.4809999999998,2309.804410185533,SL,31710.69,-1292.35,-4.075,2,False
52W_High,PLZL,2025-10-09,2025-10-10,2352.4704,2245.6936216174404,SL,27198.31,-1261.09,-4.637,1,False
52W_High,GMKN,2025-12-10,2025-12-30,138.00759599999998,148.67025999999998,TIME,24135.76,1703.74,7.059,20,True
52W_High,OZON,2025-12-30,2026-01-08,4520.9039999999995,4284.164801526476,SL,23645.84,-1261.25,-5.334,3,False
52W_High,PLZL,2026-01-13,2026-01-30,2547.5094,2549.54689801812,SL,25323.83,424.81,1.677,17,True
52W_High,GMKN,2026-01-13,2026-02-02,156.25124399999999,159.4681,TIME,30490.57,865.04,2.837,20,True
52W_High,PLZL,2026-01-30,2026-02-02,2660.532,2569.5316733374293,SL,36029.3,-1267.75,-3.519,3,False
52W_High,YDEX,2026-01-20,2026-02-09,4670.934,4595.5807,TIME,36324.73,-622.04,-1.712,20,False
52W_High,YDEX,2026-02-13,2026-03-03,4734.9468,4569.092518259817,SL,34882.81,-1256.14,-3.601,16,False
52W_High,T,2026-02-17,2026-03-03,3490.698,3395.669159498045,SL,36453.93,-1028.36,-2.821,14,False
52W_High,NVTK,2026-03-05,2026-03-09,1290.8581199999999,1356.8266527124229,SL,21468.01,1698.91,7.914,2,True
52W_High,RUAL,2026-03-05,2026-03-18,42.20844,42.242198310312,SL,24362.76,404.6,1.661,11,True
52W_High,NVTK,2026-03-09,2026-03-20,1418.3836199999998,1403.7192,END,12150.39,-137.71,-1.133,11,False
52W_High,PHOR,2026-03-12,2026-03-20,7369.4736,7695.4606,END,24275.7,1157.68,4.769,8,True
TripleEMA,PHOR,2022-06-17,2022-06-30,7701.54,7707.699691691999,SL,30000.0,599.21,1.997,9,True
TripleEMA,IRAO,2023-03-07,2023-04-05,3.460692,3.839232,TIME,30179.76,2657.93,8.807,20,True
TripleEMA,CHMF,2023-05-30,2023-06-19,1021.2042,1060.1698290790957,SL,30977.14,1823.38,5.886,13,True
TripleEMA,OZON,2023-05-23,2023-06-21,1742.8485,1999.1001,TIME,30977.14,3611.25,11.658,20,True
TripleEMA,SNGSP,2023-06-13,2023-07-11,35.497098,41.4917,TIME,30977.14,4454.02,14.378,20,True
TripleEMA,VTBR,2023-07-11,2023-08-08,115.12302,130.02399000000003,TIME,33943.74,3508.8,10.337,20,True
TripleEMA,PHOR,2023-07-21,2023-08-17,7415.4828,7421.413703143439,SL,33943.74,314.73,0.927,19,True
TripleEMA,IRAO,2023-08-30,2023-09-14,4.220844,4.224219831031199,SL,35090.79,432.41,1.232,11,True
TripleEMA,NLMK,2023-09-25,2023-10-19,208.0416,195.51002812628533,SL,35220.52,-2155.7,-6.121,18,False
TripleEMA,SNGS,2023-10-03,2023-10-31,32.526504,32.963406,TIME,35220.52,437.63,1.243,20,True
TripleEMA,T,2023-10-17,2023-11-14,3510.7019999999998,3489.302,TIME,35220.52,-249.81,-0.709,20,False
TripleEMA,MGNT,2023-10-18,2023-11-15,5765.6529,5915.3167,TIME,35220.52,1143.8,3.248,20,True
TripleEMA,TATN,2023-11-22,2023-12-20,636.1272,654.869,TIME,29747.24,968.62,3.256,20,True
TripleEMA,GMKN,2023-12-21,2023-12-26,171.43428,165.69693302198053,SL,35263.88,-1214.84,-3.445,3,False
TripleEMA,SNGSP,2023-12-26,2024-01-15,57.991595999999994,54.44796168984819,SL,19096.34,-1185.41,-6.208,12,False
TripleEMA,OZON,2024-01-03,2024-01-19,2810.562,2812.8098874875996,SL,21287.32,391.33,1.838,12,True
TripleEMA,VTBR,2024-01-09,2024-02-06,124.59491399999999,122.305534,TIME,26530.65,-513.78,-1.937,20,False
TripleEMA,LKOH,2024-01-30,2024-02-28,6946.389,7153.569,TIME,34661.2,945.45,2.728,20,True
TripleEMA,TATNP,2024-03-04,2024-03-18,715.8431400000001,716.415671343372,SL,34790.71,339.93,0.977,9,True
TripleEMA,PLZL,2024-03-05,2024-04-03,1159.43184,1307.7384,TIME,28695.01,2888.28,10.065,20,True
TripleEMA,AFLT,2024-03-05,2024-04-03,39.95799,48.190360000000005,TIME,23642.18,3248.49,13.74,20,True
TripleEMA,IRAO,2024-03-07,2024-04-05,4.070814,4.24915,TIME,34790.71,1346.01,3.869,20,True
TripleEMA,SNGS,2024-04-02,2024-04-29,31.366272,34.69306,TIME,21735.3,1974.31,9.083,20,True
TripleEMA,MAGN,2024-05-15,2024-05-28,58.551708,56.388776939260474,SL,34224.03,-1297.85,-3.792,9,False
TripleEMA,PLZL,2024-07-18,2024-08-15,1280.95614,1254.749,TIME,17392.32,-373.04,-2.145,20,False
TripleEMA,PLZL,2024-09-16,2024-10-10,1291.2582,1292.4,SL,19938.39,394.26,1.977,18,True
TripleEMA,PLZL,2024-12-10,2024-12-13,1483.99674,1412.6464554533652,SL,25995.2,-1275.21,-4.906,3,False
TripleEMA,ROSN,2025-02-13,2025-02-14,578.2156200000001,546.2871375905038,SL,22390.37,-1258.15,-5.619,1,False
TripleEMA,OZPH,2025-04-21,2025-05-05,55.211040000000004,50.22589831223243,SL,13534.06,-1234.95,-9.125,13,False
TripleEMA,SBER,2025-04-22,2025-05-05,308.5617,294.4571436574182,SL,26791.9,-1250.85,-4.669,12,False
TripleEMA,TATN,2025-04-15,2025-05-08,684.1368,691.46168,TIME,19681.25,190.94,0.97,20,True
TripleEMA,SBER,2025-05-13,2025-05-16,310.86216,300.1014823491193,SL,34762.52,-1237.49,-3.56,3,False
TripleEMA,T,2025-05-30,2025-06-09,3177.23532,3179.7764728089355,SL,24303.25,407.16,1.675,10,True
TripleEMA,PLZL,2025-06-06,2025-06-09,1824.3648,1732.8415444850211,SL,23695.55,-1211.84,-5.114,3,False
TripleEMA,YDEX,2025-05-31,2025-06-10,4169.3337,3964.2330717429536,SL,24166.89,-1212.41,-5.017,10,False
TripleEMA,PHOR,2025-06-26,2025-07-01,6387.2771999999995,6157.537792798682,SL,32538.14,-1202.29,-3.695,5,False
TripleEMA,VTBR,2025-06-14,2025-07-06,98.16963,99.390118,TIME,26625.68,617.31,2.318,20,True
TripleEMA,T,2025-07-16,2025-07-28,3317.26332,3196.3707474031694,SL,31950.16,-1195.74,-3.743,12,False
TripleEMA,YDEX,2025-07-16,2025-08-07,4243.8486,4296.6405,TIME,27618.11,315.77,1.143,20,True
TripleEMA,T,2025-08-08,2025-08-30,3337.6674,3337.5323599999997,TIME,29051.74,-30.23,-0.104,20,False
TripleEMA,YDEX,2025-08-08,2025-08-30,4377.8754,4292.6413,TIME,25387.0,-519.41,-2.046,20,False
TripleEMA,SBERP,2025-09-10,2025-09-11,312.59250599999996,308.1258010705472,SL,34317.61,-524.44,-1.528,1,False
TripleEMA,GMKN,2025-10-10,2025-10-27,129.0258,120.46620702919225,SL,17212.66,-1158.53,-6.731,15,False
TripleEMA,PLZL,2025-11-14,2025-11-18,2178.63564,2081.6275760923822,SL,25421.65,-1156.8,-4.55,4,False
TripleEMA,GMKN,2025-11-20,2025-12-14,129.84596399999998,136.792636,TIME,27252.86,1389.05,5.097,20,True
TripleEMA,OZPH,2025-12-11,2025-12-22,52.0104,50.683472133744225,SL,33465.67,-886.84,-2.65,11,False
TripleEMA,OZON,2025-12-09,2026-01-05,3990.798,4516.0966,TIME,25818.61,2780.8,10.771,20,True
TripleEMA,OZPH,2026-01-24,2026-01-27,51.600318,51.64158793433639,SL,34450.58,231.14,0.671,3,True
TripleEMA,YDEX,2026-02-16,2026-03-02,4848.969599999999,4676.519594242657,SL,32530.98,-1188.89,-3.655,14,False
Supertrend,SBERP,2023-01-12,2023-02-09,149.21983799999998,163.05738200000002,TIME,30000.0,2685.75,8.953,20,True
Supertrend,IRAO,2023-03-21,2023-04-18,3.620724,3.959208,TIME,30805.73,2588.71,8.403,20,True
Supertrend,LKOH,2023-05-30,2023-06-05,5516.103,5263.348460029676,SL,31582.34,-1478.0,-4.68,4,False
Supertrend,TATN,2023-06-16,2023-07-10,516.3032400000001,483.8561713232597,SL,31138.94,-1987.09,-6.381,16,False
Supertrend,CHMF,2023-06-20,2023-07-18,1155.0309599999998,1275.94476,TIME,31138.94,3017.19,9.689,20,True
Supertrend,MTLR,2023-07-27,2023-08-24,203.14061999999998,211.15776,TIME,31447.97,1603.32,5.098,20,True
Supertrend,SNGSP,2023-10-02,2023-10-11,58.5117,52.79903174374606,SL,31928.96,-3147.69,-9.858,7,False
Supertrend,NLMK,2024-01-12,2024-02-09,196.5393,196.36072000000001,TIME,30984.66,-59.12,-0.191,20,False
Supertrend,GMKN,2024-04-10,2024-04-30,164.0328,153.7676989448148,SL,30966.92,-1967.89,-6.355,15,False
Supertrend,ROSN,2024-12-23,2025-01-23,562.1124,538.8922,TIME,30376.55,-1284.57,-4.229,20,False
Supertrend,LKOH,2025-02-13,2025-02-14,7681.536,7287.856700735085,SL,19578.94,-1022.5,-5.222,1,False
Supertrend,TATNP,2025-02-13,2025-02-27,720.144,677.9922030610683,SL,17134.65,-1019.57,-5.95,10,False
Supertrend,TATN,2026-03-03,2026-03-20,607.52148,655.5688600000001,END,18703.86,1359.43,7.268,15,True
Chan+OBV,T,2022-02-11,2022-02-14,5811.162,5143.8910160000005,SL,30000.0,-3473.05,-11.577,1,False
Chan+OBV,RUAL,2022-02-10,2022-02-21,79.71594,70.50995949748943,SL,30000.0,-3492.81,-11.643,7,False
Chan+OBV,PHOR,2022-02-11,2022-02-21,5860.1718,5385.995466115981,SL,30000.0,-2456.24,-8.187,6,False
Chan+OBV,MTLR,2022-04-14,2022-04-15,129.0258,121.26224269999999,SL,27173.37,-1661.39,-6.114,1,False
Chan+OBV,PHOR,2022-06-17,2022-06-30,7701.54,7707.699691691999,SL,26674.95,464.5,1.741,9,True
Chan+OBV,OZON,2023-01-04,2023-02-01,1444.2888,1709.6580000000001,TIME,26814.3,3910.33,14.583,20,True
Chan+OBV,IRAO,2023-03-07,2023-04-05,3.460692,3.839232,TIME,27987.4,2612.61,9.335,20,True
Chan+OBV,PLZL,2023-05-30,2023-06-05,1065.01296,1013.1115378118841,SL,28771.19,-1430.18,-4.971,4,False
Chan+OBV,NLMK,2023-05-19,2023-06-19,134.44688399999998,164.787036,TIME,28771.19,4379.36,15.221,20,True
Chan+OBV,OZON,2023-05-23,2023-06-21,1742.8485,1999.1001,TIME,28771.19,3632.74,12.626,20,True
Chan+OBV,IRAO,2023-06-19,2023-06-23,4.20084,3.9702057999999996,SL,29655.94,-1657.01,-5.587,4,False
Chan+OBV,SNGSP,2023-06-13,2023-07-11,35.497098,41.4917,TIME,28342.13,3651.19,12.883,20,True
Chan+OBV,MTLR,2023-07-06,2023-08-03,189.347862,231.723646,TIME,10135.43,1923.63,18.979,20,True
Chan+OBV,VTBR,2023-07-11,2023-08-08,115.12302,130.02399000000003,TIME,16160.77,2120.81,13.123,20,True
Chan+OBV,PHOR,2023-07-21,2023-08-17,7415.4828,7421.413703143439,SL,20606.53,360.07,1.747,19,True
Chan+OBV,RUAL,2023-09-05,2023-09-08,44.058809999999994,41.83076345077374,SL,21612.7,-1114.02,-5.154,3,False
Chan+OBV,IRAO,2023-08-30,2023-09-14,4.220844,4.224219831031199,SL,20763.37,362.13,1.744,11,True
Chan+OBV,PLZL,2023-08-29,2023-09-20,1178.8357199999998,1115.836788,SL,20446.92,-1112.62,-5.441,16,False
Chan+OBV,NLMK,2023-09-25,2023-10-23,208.0416,197.420508,TIME,11277.83,-586.75,-5.203,20,False
Chan+OBV,SNGS,2023-10-03,2023-10-31,32.526504,32.963406,TIME,16309.4,202.65,1.243,20,True
Chan+OBV,T,2023-10-17,2023-11-14,3510.7019999999998,3489.302,TIME,18299.4,-129.79,-0.709,20,False
Chan+OBV,MGNT,2023-10-18,2023-11-15,5765.6529,5915.3167,TIME,17928.0,447.21,2.494,20,True
Chan+OBV,T,2023-11-22,2023-11-30,3511.7021999999997,3328.13424,SL,20534.93,-1093.43,-5.325,6,False
Chan+OBV,OZON,2023-11-17,2023-12-01,2760.552,2762.7598894896,SL,16211.24,356.47,2.199,10,True
Chan+OBV,SBER,2023-12-06,2023-12-07,279.975984,265.58587220000004,SL,20742.19,-1086.31,-5.237,1,False
Chan+OBV,TATN,2023-11-22,2023-12-20,636.1272,654.869,TIME,17672.5,502.74,2.845,20,True
Chan+OBV,GMKN,2023-12-21,2023-12-28,171.43428,162.55048339999996,SL,20459.29,-1080.14,-5.279,5,False
Chan+OBV,SNGSP,2023-12-26,2024-01-15,57.991595999999994,54.562297448853336,SL,17920.22,-1077.09,-6.01,12,False
Chan+OBV,OZON,2024-01-03,2024-01-19,2810.562,2812.8098874875996,SL,19450.58,351.3,1.806,12,True
Chan+OBV,IRAO,2024-01-10,2024-02-07,4.10082,4.129174,TIME,19912.31,117.7,0.591,20,True
Chan+OBV,SNGSP,2024-01-26,2024-02-26,57.0114,60.897818,TIME,19278.66,1244.42,6.455,20,True
Chan+OBV,TATN,2024-03-01,2024-03-25,718.9437599999999,682.7234279999999,SL,20958.18,-1076.3,-5.135,15,False
Chan+OBV,ALRS,2024-02-28,2024-03-28,72.86456999999999,78.53429,TIME,19708.01,1425.14,7.231,20,True
Chan+OBV,AFLT,2024-03-05,2024-04-03,39.95799,48.190360000000005,TIME,19340.01,2787.34,14.412,20,True
Chan+OBV,IRAO,2024-03-07,2024-04-05,4.070814,4.24915,TIME,20958.18,997.07,4.757,20,True
Chan+OBV,SNGS,2024-04-02,2024-04-29,31.366272,34.69306,TIME,15904.45,1518.17,9.546,20,True
Chan+OBV,MAGN,2024-05-15,2024-05-31,58.551708,55.40984750946991,SL,20729.36,-1132.5,-5.463,12,False
Chan+OBV,OZON,2024-06-10,2024-06-13,4651.4301,4165.704178670429,SL,10523.96,-1108.94,-10.537,2,False
Chan+OBV,PLZL,2024-07-18,2024-08-15,1280.95614,1254.749,TIME,10933.66,-234.51,-2.145,20,False
Chan+OBV,PLZL,2024-09-16,2024-10-14,1291.2582,1325.7348,TIME,14892.59,382.54,2.569,20,True
Chan+OBV,LKOH,2024-11-07,2024-12-05,6995.3988,6724.1549,TIME,21814.66,-867.25,-3.976,20,False
Chan+OBV,PLZL,2024-12-10,2024-12-13,1483.99674,1379.5924074857985,SL,15374.61,-1096.49,-7.132,3,False
Chan+OBV,OZPH,2024-12-09,2024-12-30,31.90638,35.41196467721547,SL,11252.77,1926.01,17.116,16,True
Chan+OBV,RUAL,2025-02-13,2025-03-11,37.497498,43.071384,TIME,12632.09,1684.47,13.335,20,True
Chan+OBV,IRAO,2025-02-13,2025-03-11,3.8407679999999997,3.729254,TIME,21659.58,-650.22,-3.002,20,False
Chan+OBV,TATN,2025-04-15,2025-05-08,684.1368,691.46168,TIME,13738.0,133.28,0.97,20,True
Chan+OBV,OZPH,2025-04-21,2025-05-13,55.211040000000004,52.53949,TIME,9990.75,-493.18,-4.936,20,False
Chan+OBV,SBER,2025-04-22,2025-05-14,308.5617,311.4377,TIME,17989.65,149.6,0.832,20,True
Chan+OBV,T,2025-05-30,2025-06-09,3177.23532,3179.7764728089355,SL,17292.85,380.62,2.201,10,True
Chan+OBV,PLZL,2025-06-06,2025-06-10,1824.3648,1686.2381990192928,SL,14502.48,-1111.97,-7.667,4,False
Chan+OBV,YDEX,2025-05-31,2025-06-23,4169.3337,4044.6909,TIME,14650.04,-452.4,-3.088,20,False
Chan+OBV,PLZL,2025-06-26,2025-07-14,1759.3518,1760.7589295696398,SL,20826.09,363.39,1.745,18,True
Chan+OBV,SBER,2025-07-16,2025-07-18,320.06399999999996,303.9297019,SL,21647.49,-1112.34,-5.138,2,False
Chan+OBV,YDEX,2025-07-10,2025-07-28,4168.8336,4172.16783311328,SL,20969.04,366.02,1.746,18,True
Chan+OBV,T,2025-08-08,2025-08-30,3337.6674,3337.5323599999997,TIME,20690.24,-21.53,-0.104,20,False
Chan+OBV,YDEX,2025-08-08,2025-08-30,4377.8754,4292.6413,TIME,20517.36,-419.78,-2.046,20,False
Chan+OBV,T,2025-09-09,2025-09-12,3369.6738,3199.90989,SL,21423.67,-1100.21,-5.135,3,False
Chan+OBV,PHOR,2025-09-09,2025-10-01,7043.4084,6918.616,TIME,20808.55,-389.3,-1.871,20,False
Chan+OBV,SBER,2025-10-18,2025-10-27,301.36026,284.3506024990069,SL,18849.4,-1082.23,-5.741,7,False
Chan+OBV,GMKN,2025-10-10,2025-10-28,129.0258,118.0822511891948,SL,12528.79,-1074.65,-8.577,16,False
Chan+OBV,PLZL,2025-11-14,2025-12-08,2178.63564,2168.16628,TIME,18416.17,-106.87,-0.58,20,False
Chan+OBV,NVTK,2025-11-20,2025-12-14,1115.8231199999998,1208.55824,TIME,16218.76,1309.93,8.077,20,True
Chan+OBV,GMKN,2025-11-20,2025-12-14,129.84596399999998,136.792636,TIME,20189.14,1105.43,5.475,20,True
Chan+OBV,T,2025-11-21,2025-12-15,3113.82264,3198.3602,TIME,18587.67,485.8,2.614,20,True
Chan+OBV,YDEX,2025-11-21,2025-12-15,4175.835,4296.1406,TIME,15318.13,425.78,2.78,20,True
Chan+OBV,OZPH,2025-12-11,2026-01-05,52.0104,51.4897,TIME,19673.49,-216.54,-1.101,20,False
Chan+OBV,SBER,2026-01-20,2026-02-09,303.95077799999996,302.069574,TIME,20943.44,-150.5,-0.719,20,False
Chan+OBV,GAZP,2026-01-24,2026-02-13,127.615518,125.28493800000001,TIME,21327.21,-410.62,-1.925,20,False
Chan+OBV,SBERP,2026-02-12,2026-03-06,305.381064,314.617064,TIME,21265.59,621.57,2.923,20,True
Chan+OBV,OZON,2026-02-13,2026-03-09,4625.925,4521.0956,TIME,21447.05,-507.22,-2.365,20,False
Chan+OBV,PHOR,2026-02-19,2026-03-13,6544.3086,7324.5348,TIME,22415.6,2250.3,10.039,20,True
Chan+OBV,RUAL,2026-02-27,2026-03-20,39.40788,42.001598,END,20982.22,1848.64,8.811,19,True
HeikinAshi,NLMK,2022-02-09,2022-02-21,226.825356,211.84179017038457,SL,30000.0,-2010.74,-6.702,8,False
HeikinAshi,PHOR,2022-03-30,2022-04-01,9001.8,7926.534376,SL,29396.78,-3539.09,-12.039,2,False
HeikinAshi,PHOR,2022-05-12,2022-05-20,7996.599,7294.135994300936,SL,28335.05,-2516.19,-8.88,6,False
HeikinAshi,PHOR,2022-06-21,2022-06-30,7877.5752,7335.65673004631,SL,27580.19,-1923.94,-6.976,7,False
HeikinAshi,PHOR,2022-06-30,2022-07-04,8053.6104,7630.1595227372445,SL,27003.01,-1446.08,-5.355,2,False
HeikinAshi,PHOR,2022-08-22,2022-09-15,8111.621999999999,7473.502152302746,SL,26569.19,-2115.65,-7.963,18,False
HeikinAshi,MGNT,2022-10-28,2022-11-15,5231.046,4871.180782721659,SL,25934.49,-1809.18,-6.976,11,False
HeikinAshi,OZON,2023-01-17,2023-02-14,1588.3175999999999,1665.6668,TIME,25391.74,1325.9,5.222,20,True
HeikinAshi,MTLR,2023-03-09,2023-03-16,133.51669800000002,133.62348465506042,SL,25789.51,473.36,1.835,5,True
HeikinAshi,SBER,2023-03-01,2023-03-30,170.43408,217.25654000000003,TIME,25789.51,4380.46,16.985,20,True
HeikinAshi,PLZL,2023-03-21,2023-04-18,939.1877999999999,1036.59264,TIME,25931.51,2328.06,8.978,20,True
HeikinAshi,PHOR,2023-03-21,2023-04-18,7221.4439999999995,7256.548400000001,TIME,25931.51,100.06,0.386,20,True
HeikinAshi,MTLR,2023-03-22,2023-04-19,143.62872,195.800832,TIME,25931.51,6001.22,23.143,20,True
HeikinAshi,IRAO,2023-03-22,2023-04-19,3.5507099999999996,3.979204,TIME,25931.51,2620.99,10.107,20,True
HeikinAshi,SBERP,2023-03-30,2023-04-27,217.29345,235.06297800000002,TIME,18708.04,1388.93,7.424,20,True
HeikinAshi,MTLR,2023-04-19,2023-05-02,195.879168,179.47104002685234,SL,12187.74,-1032.6,-8.472,8,False
HeikinAshi,IRAO,2023-04-27,2023-05-02,4.0808159999999996,3.954717186798526,SL,30977.43,-987.71,-3.188,2,False
HeikinAshi,NVTK,2023-04-18,2023-05-03,1315.263,1256.101864903191,SL,20818.97,-956.8,-4.596,10,False
HeikinAshi,AFLT,2023-04-20,2023-05-04,37.717542,37.7477084900916,SL,13603.09,324.95,2.389,9,True
HeikinAshi,PLZL,2023-04-18,2023-05-18,1037.0073599999998,1044.49106,TIME,18930.36,117.61,0.621,20,True
HeikinAshi,IRAO,2023-05-19,2023-05-29,4.290858,4.101970285488435,SL,22980.65,-1034.11,-4.5,6,False
HeikinAshi,LKOH,2023-05-16,2023-06-06,5069.0136,5073.0677970772795,SL,18828.86,321.09,1.705,15,True
HeikinAshi,T,2023-05-30,2023-06-06,3324.6648,3131.786210584562,SL,17239.55,-1016.88,-5.899,5,False
HeikinAshi,PHOR,2023-05-19,2023-06-19,7213.4424,7486.5024,TIME,26178.43,1065.22,4.069,20,True
HeikinAshi,OZON,2023-05-22,2023-06-20,1729.8459,2035.5928000000001,TIME,16137.0,2245.45,13.915,20,True
HeikinAshi,TATN,2023-05-24,2023-06-22,429.0858,503.19934,TIME,21372.04,2608.15,12.204,20,True
HeikinAshi,AFLT,2023-06-19,2023-06-23,43.448688,41.162167623325146,SL,19082.0,-1022.78,-5.36,4,False
HeikinAshi,ROSN,2023-06-06,2023-07-05,457.44147000000004,474.15515,TIME,19884.82,861.49,4.332,20,True
HeikinAshi,MAGN,2023-06-06,2023-07-05,40.388076000000005,47.550488,TIME,22163.61,2794.36,12.608,20,True
HeikinAshi,PLZL,2023-06-21,2023-07-10,1098.11958,1098.997856040084,SL,20781.24,356.82,1.717,13,True
HeikinAshi,SBER,2023-07-11,2023-07-21,250.060002,241.8581809839286,SL,32370.71,-1093.58,-3.378,8,False
HeikinAshi,LKOH,2023-07-07,2023-08-04,5363.0724,6168.7660000000005,TIME,25808.18,2777.93,10.764,20,True
HeikinAshi,IRAO,2023-07-13,2023-08-04,4.120824,4.1241198350351995,SL,26620.13,279.98,1.052,16,True
HeikinAshi,ALRS,2023-07-13,2023-08-10,76.995396,87.49249800000001,TIME,23680.65,2543.3,10.74,20,True
HeikinAshi,NLMK,2023-07-17,2023-08-14,192.018396,204.25914,TIME,22652.79,1437.38,6.345,20,True
HeikinAshi,NVTK,2023-08-04,2023-08-14,1602.72048,1604.0023358399037,SL,27184.47,379.68,1.397,6,True
HeikinAshi,SBER,2023-08-04,2023-08-15,269.533896,258.7191915375379,SL,27513.64,-1130.91,-4.11,7,False
HeikinAshi,ALRS,2023-08-14,2023-08-15,92.91858,86.20754150823542,SL,15856.21,-1160.5,-7.319,1,False
HeikinAshi,OZON,2023-07-21,2023-08-18,2072.4144,2718.4562,TIME,18895.8,3673.94,19.443,20,True
HeikinAshi,MTLR,2023-08-15,2023-08-30,226.0452,205.7680288581787,SL,12503.71,-1133.58,-9.066,11,False
HeikinAshi,TATN,2023-08-10,2023-09-07,572.1143999999999,608.47828,TIME,17682.58,1142.93,6.464,20,True
HeikinAshi,OZON,2023-08-23,2023-09-08,2979.5958,2705.461325277215,SL,12590.58,-1170.39,-9.296,12,False
HeikinAshi,IRAO,2023-09-07,2023-09-08,4.55091,4.288018239520795,SL,20080.27,-1179.47,-5.874,1,False
HeikinAshi,ROSN,2023-08-14,2023-09-11,551.1102,557.3885,TIME,22946.39,537.89,2.344,20,True
HeikinAshi,CHMF,2023-08-30,2023-09-11,1360.07196,1271.082723554932,SL,17546.14,-1165.01,-6.64,8,False
HeikinAshi,T,2023-08-15,2023-09-12,3573.7146,3474.3050000000003,TIME,15722.62,-452.86,-2.88,20,False
HeikinAshi,IRAO,2023-09-08,2023-09-20,4.420884,4.138864607584689,SL,17808.13,-1153.27,-6.476,8,False
HeikinAshi,SNGSP,2023-09-29,2023-10-11,53.090616,53.13307787467679,SL,20994.09,398.81,1.9,8,True
HeikinAshi,TATN,2023-10-03,2023-10-12,639.1278,609.5183894737529,SL,24066.51,-1138.46,-4.73,7,False
HeikinAshi,ALRS,2023-10-11,2023-10-18,77.42548199999999,73.5353868109534,SL,22263.29,-1140.28,-5.122,5,False
HeikinAshi,NLMK,2023-09-22,2023-10-20,199.659924,196.98059600000002,TIME,16390.02,-236.23,-1.441,20,False
HeikinAshi,SBER,2023-10-02,2023-10-30,261.422274,269.84602,TIME,28495.04,984.12,3.454,20,True
HeikinAshi,IRAO,2023-10-03,2023-10-31,4.460892,4.379124,TIME,19223.25,-371.41,-1.932,20,False
HeikinAshi,PLZL,2023-10-18,2023-10-31,1185.28701,1139.1432074879935,SL,28177.82,-1124.61,-3.991,9,False
HeikinAshi,LKOH,2023-10-12,2023-11-09,6863.8724999999995,7289.5418,TIME,29924.06,1705.22,5.698,20,True
HeikinAshi,GMKN,2023-10-20,2023-11-15,169.23384,169.36919322523195,SL,27920.71,297.51,1.066,18,True
HeikinAshi,MGNT,2023-11-09,2023-11-17,6097.2192,5811.915133774171,SL,23628.48,-1128.71,-4.777,6,False
HeikinAshi,SBER,2023-11-09,2023-11-27,278.65572000000003,278.88,SL,33033.9,322.15,0.975,12,True
HeikinAshi,MTLR,2023-11-17,2023-11-27,330.066,301.05234729866874,SL,12458.01,-1107.0,-8.886,6,False
HeikinAshi,OZON,2023-11-21,2023-12-04,2853.0705,2699.009702234769,SL,20309.2,-1116.42,-5.497,9,False
HeikinAshi,SNGSP,2023-11-10,2023-12-06,59.781954,56.39040452797984,SL,19474.1,-1123.73,-5.77,18,False
HeikinAshi,TATN,2023-11-23,2023-12-14,642.92856,615.7798474300947,SL,25997.78,-1123.25,-4.321,15,False
HeikinAshi,GMKN,2023-12-19,2023-12-26,172.0344,165.1072072159475,SL,26234.63,-1082.08,-4.125,5,False
HeikinAshi,TATN,2023-12-20,2024-01-19,655.131,697.66044,TIME,23296.86,1389.51,5.964,20,True
HeikinAshi,ROSN,2023-12-21,2024-01-22,581.31624,575.08496,TIME,20523.62,-240.41,-1.171,20,False
HeikinAshi,MGNT,2023-12-21,2024-01-22,6695.8389,6965.6066,TIME,19550.32,905.07,4.629,20,True
HeikinAshi,VTBR,2024-01-08,2024-01-24,120.27405,120.37024518519,SL,22849.46,344.16,1.506,12,True
HeikinAshi,CHMF,2023-12-29,2024-01-30,1408.6816800000001,1634.8729600000001,TIME,23557.79,2781.7,11.808,20,True
HeikinAshi,CHMF,2024-02-01,2024-02-08,1656.3311999999999,1588.1464581436524,SL,26658.53,-1123.54,-4.215,5,False
HeikinAshi,PLZL,2024-02-01,2024-02-09,1142.2284,1108.3087034644661,SL,32769.45,-1005.41,-3.068,6,False
HeikinAshi,TATNP,2024-02-08,2024-02-19,713.5426799999999,697.9958339985623,SL,32432.39,-738.72,-2.278,7,False
HeikinAshi,SBER,2024-02-08,2024-02-20,284.57690399999996,284.8045086078191,SL,32432.39,200.9,0.619,8,True
HeikinAshi,LKOH,2024-01-31,2024-02-21,7001.4,7006.999719719999,SL,32769.45,250.68,0.765,15,True
HeikinAshi,MGNT,2024-02-09,2024-03-12,7321.464,7748.45,TIME,29772.06,1563.48,5.251,20,True
HeikinAshi,TATN,2024-03-05,2024-03-19,732.6465,707.3168706527047,SL,31069.37,-1104.69,-3.556,9,False
HeikinAshi,SBER,2024-02-29,2024-03-21,292.368462,292.6022982959076,SL,32044.63,300.05,0.936,14,True
HeikinAshi,LKOH,2024-03-01,2024-04-01,7388.4774,7572.4852,TIME,32044.63,877.4,2.738,20,True
HeikinAshi,NLMK,2024-03-04,2024-04-02,206.64131999999998,218.9562,TIME,21997.55,1250.53,5.685,20,True
HeikinAshi,IRAO,2024-03-13,2024-04-10,4.120824,4.209158,TIME,32513.67,786.31,2.418,20,True
HeikinAshi,OZON,2024-03-21,2024-04-18,3500.7,3901.2196,TIME,21894.76,2136.22,9.757,20,True
HeikinAshi,ALRS,2024-03-22,2024-04-19,76.76535,75.614874,TIME,26651.33,-425.87,-1.598,20,False
HeikinAshi,SNGSP,2024-04-01,2024-04-27,67.39347599999999,66.516694,TIME,23425.64,-328.04,-1.4,20,False
HeikinAshi,CHMF,2024-04-02,2024-04-29,1857.77148,1891.82156,TIME,25456.08,440.88,1.732,20,True
HeikinAshi,AFLT,2024-04-11,2024-05-10,51.240246,50.23995,TIME,14030.56,-287.79,-2.051,20,False
HeikinAshi,TATN,2024-04-18,2024-05-17,721.34424,751.8496,TIME,28759.79,1186.87,4.127,20,True
HeikinAshi,OZON,2024-04-22,2024-05-21,4100.82,4641.0716,TIME,19254.31,2132.93,11.078,20,True
HeikinAshi,CHMF,2024-04-30,2024-05-27,1931.3862,1932.9309226827597,SL,33693.51,327.14,0.971,17,True
HeikinAshi,ALRS,2024-05-03,2024-05-27,78.66573000000001,78.728646850854,SL,32056.53,362.24,1.13,15,True
HeikinAshi,IRAO,2024-05-10,2024-05-27,4.410882,4.2693904675702035,SL,33607.17,-1111.11,-3.306,11,False
HeikinAshi,ROSN,2024-05-17,2024-05-27,592.91856,577.8646409061035,SL,33963.24,-895.84,-2.638,6,False
HeikinAshi,CHMF,2024-05-27,2024-05-28,1991.19816,1933.4862800405049,SL,34207.84,-1025.17,-2.997,1,False
HeikinAshi,SBER,2024-05-21,2024-05-31,320.94417599999997,314.1035707125255,SL,34603.11,-771.77,-2.23,8,False
HeikinAshi,AFLT,2024-06-19,2024-07-09,61.682334,56.00138770714051,SL,12209.65,-1136.16,-9.305,14,False
HeikinAshi,SBER,2024-06-27,2024-07-11,324.86496,313.4925854234022,SL,32237.33,-1160.19,-3.599,10,False
HeikinAshi,PLZL,2024-07-17,2024-08-14,1260.252,1285.64282,TIME,12965.18,248.12,1.914,20,True
HeikinAshi,PLZL,2024-08-21,2024-08-29,1298.80971,1229.859371216608,SL,20828.98,-1126.03,-5.406,6,False
HeikinAshi,PLZL,2024-09-16,2024-10-14,1291.2582,1325.7348,TIME,15924.4,409.04,2.569,20,True
HeikinAshi,AFLT,2024-10-15,2024-10-28,56.301258,53.40217981657217,SL,21336.97,-1119.48,-5.247,9,False
HeikinAshi,PLZL,2024-10-22,2024-11-06,1463.49264,1464.663141413472,SL,21672.4,340.1,1.569,11,True
HeikinAshi,AFLT,2024-11-08,2024-11-27,59.311859999999996,54.42246623766938,SL,13213.65,-1101.94,-8.339,13,False
HeikinAshi,PLZL,2024-12-12,2024-12-13,1505.55105,1429.9545838400923,SL,21507.14,-1100.88,-5.119,1,False
HeikinAshi,OZPH,2025-01-08,2025-01-09,53.71074,46.52879238,SL,7973.65,-1073.64,-13.465,1,False
HeikinAshi,OZPH,2025-01-09,2025-01-10,50.36007,44.713555500000005,SL,9416.05,-1064.64,-11.307,1,False
HeikinAshi,AFLT,2024-12-23,2025-01-23,55.831164,60.207956,TIME,10493.97,887.93,8.461,20,True
HeikinAshi,PHOR,2025-01-27,2025-02-12,7091.418,6768.630805924312,SL,23216.02,-1079.43,-4.65,12,False
HeikinAshi,AFLT,2025-02-03,2025-02-12,63.872772,63.9238574430456,SL,14368.46,370.34,2.577,7,True
HeikinAshi,LKOH,2025-02-13,2025-02-14,7681.536,7365.178320588067,SL,25498.0,-1075.09,-4.216,1,False
HeikinAshi,PLZL,2025-01-24,2025-02-21,1650.8301,1900.71978,TIME,20461.22,2473.56,12.089,20,True
HeikinAshi,AFLT,2025-02-21,2025-02-28,76.835364,69.75536369941831,SL,11517.71,-1072.29,-9.31,5,False
HeikinAshi,YDEX,2025-02-13,2025-03-03,4560.912,4265.618596469483,SL,16190.63,-1063.92,-6.571,14,False
HeikinAshi,LKOH,2025-02-14,2025-03-07,7445.9889,7106.743131176326,SL,22800.83,-1061.11,-4.654,17,False
HeikinAshi,OZPH,2025-02-10,2025-03-10,48.719742,56.50869600000001,TIME,9115.63,1354.22,14.856,20,True
HeikinAshi,SBER,2025-02-12,2025-03-10,294.35886,316.916604,TIME,26965.68,1783.39,6.614,20,True
HeikinAshi,T,2025-03-19,2025-03-27,3584.11668,3402.1915647968576,SL,20934.07,-1082.99,-5.173,6,False
HeikinAshi,LKOH,2025-03-24,2025-03-27,7351.47,7101.239313408243,SL,31278.26,-1095.4,-3.502,3,False
HeikinAshi,RUAL,2025-03-10,2025-03-29,42.178434,38.76257722360523,SL,13101.3,-1073.59,-8.195,17,False
HeikinAshi,PLZL,2025-04-12,2025-04-30,1904.78088,1751.325535133665,SL,12765.61,-1040.69,-8.152,16,False
HeikinAshi,OZPH,2025-04-22,2025-05-02,56.921381999999994,51.53163913029789,SL,10857.38,-1038.4,-9.564,9,False
HeikinAshi,TATN,2025-04-12,2025-05-05,689.1378,696.96058,TIME,10682.72,110.52,1.035,20,True
HeikinAshi,NVTK,2025-04-17,2025-05-05,1190.238,1080.9077587881977,SL,11192.82,-1038.8,-9.281,13,False
HeikinAshi,SBERP,2025-04-23,2025-05-05,311.0622,295.0264132762636,SL,19977.65,-1049.34,-5.253,11,False
HeikinAshi,OZON,2025-04-30,2025-05-05,3750.75,3522.2349351200737,SL,16722.58,-1035.04,-6.189,2,False
HeikinAshi,GAZP,2025-05-13,2025-05-16,147.00939599999998,136.59563380039347,SL,13802.59,-991.05,-7.18,3,False
HeikinAshi,SBER,2025-05-13,2025-05-16,310.86216,298.9185539434659,SL,25509.04,-1005.1,-3.94,3,False
HeikinAshi,SBER,2025-05-20,2025-05-26,308.941776,295.9469006144762,SL,22813.27,-981.92,-4.304,4,False
HeikinAshi,PHOR,2025-05-14,2025-06-05,6427.2852,6522.6952,TIME,21708.05,300.38,1.384,20,True
HeikinAshi,T,2025-05-30,2025-06-09,3177.23532,3179.7764728089355,SL,17488.98,326.53,1.867,10,True
HeikinAshi,OZON,2025-05-30,2025-06-10,3700.74,3703.6998518519995,SL,13428.77,302.39,2.252,7,True
HeikinAshi,PLZL,2025-06-05,2025-06-28,1762.3524,1790.0419200000001,TIME,17674.24,259.88,1.47,20,True
HeikinAshi,PHOR,2025-06-25,2025-07-01,6440.2878,6158.575149741899,SL,21921.13,-980.32,-4.472,6,False
HeikinAshi,VTBR,2025-06-23,2025-07-07,102.440484,97.00034691802001,SL,18041.57,-975.67,-5.408,14,False
HeikinAshi,YDEX,2025-07-01,2025-07-08,4175.835,4039.6864058685564,SL,28424.45,-954.71,-3.359,7,False
HeikinAshi,PLZL,2025-06-28,2025-07-11,1790.75808,1792.1903283123838,SL,21402.76,361.37,1.688,13,True
HeikinAshi,SBER,2025-07-17,2025-07-18,321.324252,312.14192758869046,SL,27953.75,-826.37,-2.956,1,False
HeikinAshi,YDEX,2025-07-17,2025-07-28,4338.8676,4132.804773711817,SL,19698.88,-954.78,-4.847,11,False
HeikinAshi,T,2025-07-19,2025-07-28,3342.4683600000003,3198.6792072325147,SL,21563.94,-948.76,-4.4,9,False
HeikinAshi,OZPH,2025-07-18,2025-07-31,49.619921999999995,49.659608013615596,SL,16530.39,319.18,1.931,13,True
HeikinAshi,PLZL,2025-07-19,2025-08-12,1880.57604,2116.17668,TIME,15301.96,1834.51,11.989,20,True
HeikinAshi,OZON,2025-07-28,2025-08-25,4239.8478,4385.1228,TIME,16573.66,724.34,4.37,20,True
HeikinAshi,SBERP,2025-08-07,2025-08-29,308.231634,308.858216,TIME,27230.53,28.1,0.103,20,True
HeikinAshi,PHOR,2025-08-07,2025-08-29,6696.339,7007.5982,TIME,22781.16,1041.62,4.572,20,True
HeikinAshi,PLZL,2025-08-12,2025-09-01,2117.02332,2144.97092,TIME,13612.72,166.0,1.219,20,True
HeikinAshi,OZPH,2025-08-16,2025-09-03,54.190836,54.234177830632795,SL,18056.3,322.8,1.788,18,True
HeikinAshi,SBER,2025-09-09,2025-09-11,313.0626,307.85214568020336,SL,28465.74,-502.0,-1.764,2,False
HeikinAshi,GMKN,2025-09-10,2025-09-12,130.12601999999998,125.44794193754227,SL,26535.91,-980.03,-3.693,2,False
HeikinAshi,YDEX,2025-09-10,2025-09-12,4375.875,4264.680410005869,SL,28465.74,-751.44,-2.64,2,False
HeikinAshi,GMKN,2025-09-12,2025-09-13,129.72593999999998,124.35922618419843,SL,22500.52,-952.87,-4.235,1,False
HeikinAshi,PHOR,2025-09-11,2025-09-15,7166.433,6982.020406505617,SL,28315.15,-756.58,-2.672,4,False
HeikinAshi,PLZL,2025-09-09,2025-10-01,2281.65624,2366.5266,TIME,28465.74,1031.05,3.622,20,True
HeikinAshi,PHOR,2025-09-26,2025-10-01,7178.435399999999,6906.88027436764,SL,24163.28,-937.79,-3.881,5,False
HeikinAshi,PHOR,2025-10-01,2025-10-02,6921.384,6916.558943931238,SL,27310.84,-46.34,-0.17,1,False
HeikinAshi,GMKN,2025-09-30,2025-10-04,125.985192,118.99271869681732,SL,16441.38,-928.52,-5.647,4,False
HeikinAshi,OZPH,2025-10-08,2025-10-09,53.41068,47.865610910741815,SL,8689.8,-910.41,-10.477,1,False
HeikinAshi,NVTK,2025-10-18,2025-10-22,1168.8337199999999,1061.1365098262854,SL,9694.62,-902.52,-9.309,4,False
HeikinAshi,GMKN,2025-10-10,2025-10-27,129.0258,119.55642292132471,SL,12178.09,-905.5,-7.435,15,False
HeikinAshi,PHOR,2025-10-22,2025-10-31,6999.3996,6717.216783707339,SL,21994.29,-908.26,-4.13,7,False
HeikinAshi,PLZL,2025-11-14,2025-11-18,2178.63564,2072.1010356582024,SL,17744.94,-885.03,-4.988,4,False
HeikinAshi,GMKN,2025-11-21,2025-12-15,133.346664,137.05258400000002,TIME,17332.31,464.12,2.678,20,True
HeikinAshi,OZON,2025-12-08,2025-12-30,4038.8076,4519.0960000000005,TIME,18608.46,1898.65,10.203,20,True
HeikinAshi,NVTK,2025-12-10,2025-12-30,1200.24,1187.16252,TIME,14713.07,-174.94,-1.189,20,False
HeikinAshi,OZPH,2025-12-13,2026-01-08,51.850368,51.4897,TIME,25460.15,-202.47,-0.795,20,False
HeikinAshi,PLZL,2025-12-12,2026-01-09,2260.05192,2411.5176,TIME,20121.44,1215.66,6.042,20,True
HeikinAshi,GMKN,2025-12-18,2026-01-15,140.508096,155.96880000000002,TIME,22013.18,2013.32,9.146,20,True
HeikinAshi,T,2025-12-30,2026-01-27,3274.6548,3314.337,TIME,26321.22,292.48,1.111,20,True
HeikinAshi,YDEX,2025-12-30,2026-01-27,4536.407099999999,4739.052,TIME,24759.49,1049.66,4.239,20,True
HeikinAshi,PLZL,2026-01-15,2026-01-30,2565.91308,2567.9652972813833,SL,22023.49,399.76,1.815,15,True
HeikinAshi,NVTK,2026-01-21,2026-01-30,1216.2432,1168.4697055079055,SL,23220.78,-934.87,-4.026,9,False
HeikinAshi,GMKN,2026-01-15,2026-02-02,156.03119999999998,156.15599375375996,SL,24886.69,373.1,1.499,18,True
HeikinAshi,IRAO,2026-01-30,2026-02-04,3.590718,3.452941376138006,SL,23985.36,-943.85,-3.935,5,False
HeikinAshi,YDEX,2026-01-27,2026-02-05,4740.948,4599.42482506173,SL,27631.82,-852.06,-3.084,9,False
HeikinAshi,OZPH,2026-01-30,2026-02-21,52.780554,52.099578,TIME,21253.59,-295.33,-1.39,20,False
HeikinAshi,T,2026-01-31,2026-02-22,3334.6668,3508.49816,TIME,27471.28,1212.17,4.413,20,True
HeikinAshi,YDEX,2026-02-16,2026-03-02,4848.969599999999,4657.740582491841,SL,22970.67,-928.41,-4.042,14,False
HeikinAshi,SBER,2026-02-25,2026-03-03,316.31325,311.17873584162646,SL,27319.49,-470.56,-1.722,6,False
HeikinAshi,PLZL,2026-03-03,2026-03-06,2550.5099999999998,2437.8060410200715,SL,20379.75,-920.49,-4.517,3,False
HeikinAshi,GMKN,2026-02-26,2026-03-09,160.47208799999999,154.4660259015808,SL,24456.88,-939.36,-3.841,9,False
HeikinAshi,NVTK,2026-03-03,2026-03-09,1278.8557199999998,1331.1067783689891,SL,22360.27,1410.75,6.309,4,True
HeikinAshi,RUAL,2026-03-09,2026-03-19,45.10902,42.0724032394203,SL,13290.03,-907.49,-6.828,10,False
HeikinAshi,PHOR,2026-03-03,2026-03-20,6961.392,7695.4606,END,26899.8,2133.77,7.932,15,True
HeikinAshi,NVTK,2026-03-09,2026-03-20,1418.3836199999998,1403.7192,END,8964.21,-101.6,-1.133,11,False
HeikinAshi,SBER,2026-03-18,2026-03-20,319.86396,320.095968,END,26765.07,-7.36,-0.028,2,False
APEX_v4,MTLR,2022-02-16,2022-02-18,158.591712,137.6895104508986,SL,30000.0,-3981.99,-13.273,2,False
APEX_v4,PHOR,2022-08-22,2022-09-15,8111.621999999999,7533.490437072471,SL,28805.4,-2080.8,-7.224,18,False
APEX_v4,OZON,2023-01-24,2023-02-14,1634.3268,1635.6339345746399,SL,28181.16,483.61,1.716,15,True
APEX_v4,SBERP,2023-02-02,2023-02-14,155.561106,160.27802524534314,SL,28181.16,1313.07,4.659,8,True
APEX_v4,AFLT,2023-03-21,2023-03-27,29.865972,31.025332597088788,SL,28720.17,1720.31,5.99,4,True
APEX_v4,VTBR,2023-04-04,2023-04-06,100.02,93.15388030628894,SL,29236.26,-2035.23,-6.961,2,False
APEX_v4,OZON,2023-04-04,2023-04-06,1843.3686,1744.3509714641361,SL,29236.26,-1598.89,-5.469,2,False
APEX_v4,NVTK,2023-03-21,2023-04-18,1125.225,1314.737,TIME,28720.17,3509.34,12.219,20,True
APEX_v4,SNGS,2023-04-24,2023-04-26,26.335265999999997,25.004061380283375,SL,29198.83,-1504.41,-5.152,2,False
APEX_v4,T,2023-04-28,2023-05-02,2783.0565,2669.11607,SL,28747.5,-1205.1,-4.192,1,False
APEX_v4,VTBR,2023-05-18,2023-06-01,117.27345,107.93176932681922,SL,11905.9,-959.82,-8.062,10,False
APEX_v4,NVTK,2023-06-05,2023-06-06,1349.2698,1281.6336989056613,SL,18755.31,-958.45,-5.11,1,False
APEX_v4,NVTK,2023-06-07,2023-07-06,1353.47064,1324.7350000000001,TIME,15524.29,-344.96,-2.222,20,False
APEX_v4,OZON,2023-06-07,2023-07-06,1826.3652,1959.608,TIME,14512.27,1046.38,7.21,20,True
APEX_v4,SNGS,2023-07-19,2023-07-20,29.185836,28.575828325820815,SL,28020.92,-613.39,-2.189,1,False
APEX_v4,ALRS,2023-07-03,2023-07-31,70.624122,84.03319,TIME,21319.0,2638.44,12.376,20,True
APEX_v4,SBERP,2023-07-28,2023-07-31,246.969384,253.5714595632,SL,27836.9,1140.56,4.097,1,True
APEX_v4,MTLR,2023-07-27,2023-08-04,203.14061999999998,213.82521276757222,SL,18638.06,1518.52,8.147,6,True
APEX_v4,IRAO,2023-08-02,2023-08-04,4.2308460000000006,4.109418137924719,SL,28970.6,-860.03,-2.969,2,False
APEX_v4,SNGS,2023-08-02,2023-08-08,31.276253999999998,29.9062904114442,SL,22143.32,-991.58,-4.478,4,False
APEX_v4,T,2023-08-04,2023-08-08,3648.7296,3462.8348641652005,SL,19155.06,-994.58,-5.192,2,False
APEX_v4,PHOR,2023-08-01,2023-08-14,7574.5145999999995,7580.572696777079,SL,28970.6,245.14,0.846,9,True
APEX_v4,VTBR,2023-08-11,2023-08-16,142.72853999999998,132.52458609833062,SL,13356.61,-967.77,-7.246,3,False
APEX_v4,PHOR,2023-08-15,2023-08-17,7621.523999999999,7430.6195787999995,SL,28645.85,-745.81,-2.604,2,False
APEX_v4,NVTK,2023-10-10,2023-10-11,1727.14536,1695.3688886963225,SL,28131.77,-545.45,-1.939,1,False
APEX_v4,IRAO,2023-10-24,2023-10-26,4.530906,4.3703657520000005,SL,26455.43,-963.36,-3.641,2,False
APEX_v4,LKOH,2023-10-13,2023-10-27,7144.4286,7150.14271399428,SL,21079.48,298.91,1.418,10,True
APEX_v4,MGNT,2023-10-24,2023-11-21,5983.1964,5929.8138,TIME,22345.06,-221.61,-0.992,20,False
APEX_v4,MTLR,2023-11-10,2023-11-21,308.5617,308.80848764765994,SL,12535.98,324.36,2.587,7,True
APEX_v4,SBER,2023-11-09,2023-11-27,278.65572000000003,278.88,SL,27768.8,242.34,0.873,12,True
APEX_v4,ALRS,2024-01-16,2024-01-23,75.175032,72.18052844238662,SL,23436.89,-956.55,-4.081,5,False
APEX_v4,MAGN,2024-01-12,2024-02-08,56.201238,56.24618775015239,SL,19917.6,308.81,1.55,19,True
APEX_v4,SBER,2024-01-18,2024-02-15,278.295648,289.24214,TIME,27872.33,987.91,3.544,20,True
APEX_v4,SNGSP,2024-02-14,2024-02-15,58.431684,58.47841766086319,SL,27678.01,235.03,0.849,1,True
APEX_v4,AFLT,2024-02-05,2024-02-16,39.817962,38.29175960734412,SL,24110.68,-947.8,-3.931,9,False
APEX_v4,PHOR,2024-02-14,2024-02-20,6965.3928,6769.04592,SL,27678.01,-807.5,-2.917,4,False
APEX_v4,OZON,2024-02-14,2024-02-21,3154.6308,2981.821072459647,SL,16900.34,-942.23,-5.575,5,False
APEX_v4,LKOH,2024-03-04,2024-03-19,7478.9955,7263.6138851248015,SL,27235.63,-811.18,-2.978,10,False
APEX_v4,SBER,2024-02-27,2024-03-22,291.40827,291.641338334346,SL,27235.63,241.4,0.886,17,True
APEX_v4,ALRS,2024-03-21,2024-03-22,77.135424,74.51118458183423,SL,26597.6,-931.03,-3.5,1,False
APEX_v4,MGNT,2024-02-29,2024-03-29,7636.527,7769.9457,TIME,23821.22,392.15,1.646,20,True
APEX_v4,AFLT,2024-03-29,2024-04-01,42.968592,45.13783025113614,SL,18746.16,1465.31,7.817,1,True
APEX_v4,NLMK,2024-03-21,2024-04-08,212.822556,212.99277148028875,SL,20707.84,284.53,1.374,12,True
APEX_v4,IRAO,2024-04-02,2024-04-24,4.220844,4.224219831031199,SL,27342.63,259.71,0.95,16,True
APEX_v4,SBER,2024-04-23,2024-04-24,315.453078,307.05382695000003,SL,27427.98,-757.36,-2.761,1,False
APEX_v4,PLZL,2024-04-01,2024-04-27,1215.7431,1379.724,TIME,16315.86,1717.78,10.528,20,True
APEX_v4,SNGS,2024-04-16,2024-05-15,32.80656,35.512896000000005,TIME,16454.65,1249.16,7.592,20,True
APEX_v4,MGNT,2024-04-16,2024-05-15,8249.6496,8288.342,TIME,27233.15,100.43,0.369,20,True
APEX_v4,ALRS,2024-05-17,2024-05-27,81.026202,78.41669476058212,SL,28198.9,-935.91,-3.319,6,False
APEX_v4,AFLT,2024-05-20,2024-05-27,58.0116,54.62709245209133,SL,16163.48,-958.7,-5.931,5,False
APEX_v4,CHMF,2024-05-23,2024-05-27,2002.4004,1955.45883,SL,28198.9,-688.93,-2.443,2,False
APEX_v4,RUAL,2024-11-18,2024-11-21,38.95779,36.98398157537931,SL,18110.37,-935.22,-5.164,3,False
APEX_v4,PHOR,2024-12-03,2024-12-05,5851.17,5469.543246027312,SL,13912.07,-920.84,-6.619,2,False
APEX_v4,PHOR,2024-12-24,2025-01-24,6298.2594,7013.597,TIME,11778.22,1244.79,10.569,20,True
APEX_v4,T,2025-01-13,2025-02-10,2968.19352,3121.3756,TIME,11927.35,641.62,5.379,20,True
APEX_v4,AFLT,2025-01-13,2025-02-10,61.512299999999996,64.307136,TIME,12557.83,557.73,4.441,20,True
APEX_v4,SNGS,2025-01-21,2025-02-18,26.015202000000002,29.4941,TIME,13174.64,1538.08,11.675,20,True
APEX_v4,OZPH,2025-02-10,2025-02-27,48.719742,53.68029622406882,SL,8766.76,1389.96,15.855,13,True
APEX_v4,VTBR,2025-02-18,2025-02-28,99.74994600000001,88.61353232997567,SL,8391.73,-944.8,-11.259,8,False
APEX_v4,AFLT,2025-02-13,2025-03-11,69.403878,74.68506000000001,TIME,13531.98,1036.08,7.657,20,True
APEX_v4,OZON,2025-02-13,2025-03-13,4050.81,3949.21,TIME,10544.57,-274.88,-2.607,20,False
APEX_v4,VTBR,2025-06-23,2025-07-02,102.440484,102.52241589910318,SL,19616.67,283.46,1.445,9,True
APEX_v4,SBER,2025-07-04,2025-07-08,318.91377,311.12851185000005,SL,28508.64,-724.11,-2.54,4,False
APEX_v4,OZON,2025-07-22,2025-07-30,4246.8492,4041.388631899079,SL,19569.68,-965.87,-4.936,6,False
APEX_v4,GMKN,2025-07-30,2025-08-21,122.92458,123.022895079084,SL,17547.08,325.74,1.856,18,True
APEX_v4,PHOR,2025-07-30,2025-08-23,6582.3162,7046.5904,TIME,24544.79,1521.94,6.201,20,True
APEX_v4,OZPH,2025-08-29,2025-09-02,58.701738,55.99851544961743,SL,20756.2,-976.1,-4.703,4,False
APEX_v4,LKOH,2025-09-11,2025-09-15,6538.8075,6372.7876875,SL,28263.12,-745.5,-2.638,4,False
APEX_v4,PHOR,2025-09-30,2025-10-01,7279.4556,7086.153577159363,SL,28039.47,-772.24,-2.754,1,False
APEX_v4,SBER,2025-11-20,2025-12-14,304.820952,304.709046,TIME,27807.79,-38.01,-0.137,20,False
APEX_v4,GAZP,2025-11-29,2025-12-21,127.72554,127.52449,TIME,24153.39,-62.15,-0.257,20,False
APEX_v4,YDEX,2025-12-19,2025-12-29,4493.8985999999995,4497.4928201002795,SL,27796.39,306.68,1.103,10,True
APEX_v4,GMKN,2025-12-10,2025-12-30,138.00759599999998,148.67025999999998,TIME,20362.96,1401.6,6.883,20,True
APEX_v4,NVTK,2026-01-22,2026-01-24,1243.2486,1196.4253550961662,SL,25167.33,-972.55,-3.864,2,False
APEX_v4,GMKN,2026-01-13,2026-02-02,156.25124399999999,159.4681,TIME,26287.76,706.3,2.687,20,True
APEX_v4,T,2026-01-22,2026-02-11,3342.6684,3295.3408,TIME,28290.23,-428.64,-1.515,20,False
APEX_v4,MAGN,2026-02-16,2026-02-27,32.956590000000006,31.120014568952715,SL,16854.32,-955.63,-5.67,11,False
APEX_v4,GMKN,2026-02-28,2026-03-03,164.972988,159.4549841174686,SL,27795.07,-957.02,-3.443,3,False
APEX_v4,SNGS,2026-03-03,2026-03-04,23.05461,22.221538905711192,SL,25511.53,-946.9,-3.712,1,False
APEX_v4,VTBR,2026-02-16,2026-03-10,87.86756999999999,86.062784,TIME,18428.47,-396.76,-2.153,20,False
APEX_v4,NVTK,2026-03-06,2026-03-10,1312.36242,1313.4120474635158,SL,19910.27,301.96,1.517,2,True
APEX_v4,RUAL,2026-03-03,2026-03-18,41.028204,42.61225553301105,SL,25370.79,1511.34,5.957,13,True
