num,ticker,entry_dt,exit_dt,entry_price,exit_price,shares,pnl,pnl_pct,reason,tp_hit,hold_bars,capital_after
1,ROSN,2022-01-12 14:00,2022-01-13 10:00,629.06,621.05,52,-449.17,-1.37,SL,0,13,99550.83
2,GAZP,2022-01-27 17:00,2022-01-28 09:00,325.86,326.12,100,366.94,1.13,SL,1,9,79323.02
3,SBER,2022-01-27 17:00,2022-02-01 20:00,257.31,261.1,80,648.11,3.15,SL,2,54,100565.88
4,ROSN,2022-02-04 13:00,2022-02-04 14:00,596.06,585.27,55,-625.76,-1.91,SL,0,1,99940.12
5,MTLR,2022-02-10 13:00,2022-02-11 09:00,147.35,142.16,220,-1173.74,-3.62,SL,0,6,98766.38
6,NLMK,2022-02-15 17:00,2022-02-16 12:00,235.88,231.49,130,-600.95,-1.96,SL,0,12,77237.18
7,MTLR,2022-02-16 11:00,2022-02-16 12:00,160.91,155.7,130,-697.8,-3.33,SL,0,1,97467.63
8,MTLR,2022-04-11 13:00,2022-04-11 17:00,111.98,107.87,280,-1183.2,-3.77,SL,0,4,96284.43
9,GAZP,2022-04-27 11:00,2022-04-28 15:00,233.61,237.02,130,949.3,3.12,SL,2,14,97233.73
10,ROSN,2022-05-18 11:00,2022-05-20 11:00,401.54,394.81,54,-384.68,-1.77,SL,0,20,65751.6
11,GAZP,2022-05-17 17:00,2022-05-20 14:00,259.02,260.61,120,608.32,1.96,SL,2,27,97457.37
12,TGKA,2022-05-27 11:00,2022-05-30 11:00,0.01,0.01,3696000,-1173.57,-3.65,SL,0,10,96283.8
13,GAZP,2022-06-14 11:00,2022-06-15 10:00,315.75,316.0,100,326.94,1.03,SL,2,9,96610.74
14,LKOH,2022-06-16 11:00,2022-06-17 14:00,4195.42,4198.78,5,132.13,0.63,SL,1,13,64846.19
15,SBER,2022-06-20 18:00,2022-06-21 10:00,129.05,129.21,110,180.14,1.27,SL,2,2,43779.99
16,NVTK,2022-06-20 14:00,2022-06-21 13:00,923.29,990.81,23,704.87,3.32,TP3,3,9,65731.2
17,TGKA,2022-06-15 11:00,2022-06-28 17:00,0.01,0.01,3374000,1121.71,3.52,TIME,0,96,98749.59
18,T,2022-06-28 18:00,2022-06-29 10:00,1832.68,1857.46,17,927.29,2.97,SL,2,2,99676.88
19,T,2022-07-04 18:00,2022-07-05 10:00,1991.7,1993.29,16,355.09,1.11,SL,1,2,100031.97
20,NVTK,2022-07-27 11:00,2022-07-27 18:00,1035.5,1036.33,31,249.32,0.78,SL,1,7,81902.27
21,MGNT,2022-07-27 11:00,2022-07-29 12:00,4592.46,4811.32,4,390.65,2.13,TP3,3,21,100671.94
22,LKOH,2022-08-01 13:00,2022-08-01 15:00,4010.4,3936.29,8,-624.69,-1.95,SL,0,2,100047.25
23,ROSN,2022-08-16 16:00,2022-08-17 10:00,346.98,347.26,95,143.18,0.43,SL,1,4,100190.43
24,T,2022-08-17 11:00,2022-08-17 17:00,2518.75,2444.14,13,-1002.18,-3.06,SL,0,6,99188.26
25,T,2022-08-19 17:00,2022-08-22 11:00,2639.76,2877.88,12,1304.84,4.12,TP3,3,4,100493.1
26,NVTK,2022-08-23 09:00,2022-08-24 10:00,1153.12,1129.54,28,-692.06,-2.14,SL,0,11,77599.72
27,GAZP,2022-08-23 11:00,2022-08-24 16:00,184.92,182.64,120,-294.91,-1.33,SL,0,15,99506.12
28,TGKA,2022-08-26 11:00,2022-08-26 13:00,0.01,0.01,4082000,-482.9,-1.47,SL,0,2,99023.23
29,TGKA,2022-08-29 15:00,2022-08-29 16:00,0.01,0.01,3896000,-612.7,-1.87,SL,0,1,98410.53
30,GAZP,2022-08-30 09:00,2022-08-30 10:00,190.47,190.62,170,133.89,0.41,SL,1,1,98544.42
31,GAZP,2022-08-30 11:00,2022-08-30 14:00,194.11,194.26,160,138.24,0.44,SL,1,3,77021.87
32,MTLR,2022-08-30 11:00,2022-08-30 16:00,127.35,125.63,170,-314.39,-1.45,SL,0,5,72983.54
33,GAZP,2022-08-30 15:00,2022-08-31 09:00,195.17,204.9,130,565.95,2.23,TP3,3,4,98934.21
34,TGKA,2022-08-31 16:00,2022-08-31 17:00,0.01,0.01,3600000,-937.44,-2.87,SL,0,1,97996.77
35,LKOH,2022-09-01 18:00,2022-09-05 10:00,4637.46,4531.92,6,-660.79,-2.37,SL,0,12,74362.2
36,SBER,2022-09-02 14:00,2022-09-05 10:00,143.51,140.43,160,-515.95,-2.25,SL,0,6,96820.03
37,MTLR,2022-09-05 16:00,2022-09-06 10:00,131.64,131.75,160,116.83,0.55,SL,1,4,51260.06
38,NLMK,2022-09-06 09:00,2022-09-06 11:00,125.81,123.95,110,-218.71,-1.58,SL,0,2,64887.66
39,NVTK,2022-09-05 12:00,2022-09-06 14:00,1178.32,1180.54,27,433.78,1.36,SL,2,12,97151.93
40,MGNT,2022-09-12 11:00,2022-09-14 09:00,5572.56,5577.44,5,116.6,0.42,SL,1,28,76231.41
41,T,2022-09-13 11:00,2022-09-14 10:00,3003.8,2938.32,7,-479.14,-2.28,SL,0,14,96789.39
42,NVTK,2022-09-15 16:00,2022-09-16 15:00,1193.12,1178.45,26,-412.28,-1.33,SL,0,14,96377.11
43,GAZP,2022-09-22 16:00,2022-09-23 10:00,235.19,226.95,130,-1101.49,-3.6,SL,0,9,95275.61
44,LKOH,2022-10-12 11:00,2022-10-12 16:00,4195.42,4198.78,7,199.4,0.68,SL,1,5,95475.02
45,MGNT,2022-10-17 12:00,2022-10-18 22:00,4917.99,4921.93,6,305.43,1.03,SL,2,25,74886.92
46,SBER,2022-10-17 13:00,2022-10-19 10:00,109.91,110.0,190,223.43,1.07,SL,2,27,96003.88
47,NLMK,2022-10-20 16:00,2022-10-21 13:00,87.65,92.71,360,820.31,2.6,TP3,3,12,79275.67
48,LKOH,2022-10-20 18:00,2022-10-24 14:00,4384.94,4388.45,4,130.44,0.74,SL,1,26,55698.4
49,NLMK,2022-10-21 14:00,2022-10-24 14:00,91.61,92.09,280,470.72,1.83,SL,2,15,81832.51
50,ROSN,2022-10-25 18:00,2022-10-26 14:00,326.63,326.89,82,302.8,1.13,SL,2,11,82135.31
51,MGNT,2022-10-24 11:00,2022-10-26 15:00,5195.02,5199.17,3,185.78,1.19,SL,2,34,97913.95
52,T,2022-10-31 14:00,2022-11-01 12:00,2561.26,2563.3,12,324.63,1.06,SL,2,13,98238.58
53,NVTK,2022-11-07 12:00,2022-11-08 10:00,1131.11,1132.02,28,131.32,0.41,SL,1,13,62590.99
54,NLMK,2022-11-07 14:00,2022-11-09 10:00,106.93,107.22,130,204.94,1.47,SL,2,26,76703.87
55,ROSN,2022-11-07 13:00,2022-11-09 19:00,346.98,347.26,63,226.33,1.03,SL,2,36,98801.17
56,ROSN,2022-11-11 11:00,2022-11-11 12:00,360.44,355.86,90,-444.45,-1.37,SL,0,1,98356.72
57,MTLR,2022-11-15 18:00,2022-11-16 10:00,106.08,103.96,300,-667.05,-2.1,SL,0,2,97689.66
58,SBER,2022-12-05 11:00,2022-12-06 10:00,141.26,141.38,220,128.85,0.41,SL,1,14,75866.15
59,ROSN,2022-12-05 14:00,2022-12-06 10:00,342.83,338.62,64,-291.61,-1.33,SL,0,11,97526.91
60,MTLR,2022-12-06 14:00,2022-12-07 10:00,101.91,100.66,310,-419.87,-1.33,SL,0,6,97107.04
61,NLMK,2022-12-09 11:00,2022-12-09 12:00,108.39,107.08,290,-412.03,-1.31,SL,0,1,96695.01
62,NLMK,2022-12-19 17:00,2022-12-20 10:00,111.23,111.32,280,322.41,1.03,SL,2,8,97017.42
63,GAZP,2022-12-23 18:00,2022-12-26 10:00,161.55,161.68,190,127.28,0.41,SL,1,7,97144.7
64,SBER,2022-12-26 13:00,2022-12-27 10:00,140.44,140.56,220,128.11,0.41,SL,1,12,79542.18
65,MGNT,2022-12-26 19:00,2022-12-27 13:00,4430.44,4433.99,4,73.6,0.42,SL,1,9,97346.41
66,T,2022-12-27 17:00,2022-12-28 14:00,2628.26,2595.94,8,-279.44,-1.33,SL,0,12,65935.8
67,GAZP,2022-12-27 13:00,2022-12-29 10:00,163.77,161.75,190,-413.53,-1.33,SL,0,27,96653.43
68,NLMK,2022-12-30 15:00,2022-12-30 23:00,117.05,117.15,180,87.38,0.41,SL,1,8,65002.18
69,ROSN,2022-12-29 17:00,2023-01-09 23:00,360.49,367.76,88,451.34,1.42,TIME,2,96,62640.43
70,T,2023-01-09 18:00,2023-01-10 10:00,2619.76,2587.55,5,-174.09,-1.33,SL,0,7,75571.7
71,SBER,2023-01-09 11:00,2023-01-11 10:00,142.9,143.02,150,88.87,0.41,SL,1,29,97106.93
72,GAZP,2023-01-11 18:00,2023-01-12 19:00,165.8,163.76,190,-418.66,-1.33,SL,0,16,96688.27
73,T,2023-01-13 17:00,2023-01-16 15:00,2722.77,2724.95,11,124.19,0.41,SL,1,13,60956.95
74,NLMK,2023-01-16 13:00,2023-01-17 11:00,113.81,112.41,130,-196.64,-1.33,SL,0,13,75563.2
75,NVTK,2023-01-16 12:00,2023-01-17 19:00,1052.11,1039.17,20,-279.65,-1.33,SL,0,22,96336.17
76,SBER,2023-01-23 11:00,2023-01-24 13:00,153.37,153.49,200,127.18,0.41,SL,1,17,74796.12
77,MTLR,2023-01-27 11:00,2023-01-27 15:00,114.83,112.93,210,-423.56,-1.76,SL,0,4,74372.55
78,NLMK,2023-01-30 17:00,2023-01-31 10:00,114.91,115.0,210,100.04,0.41,SL,1,8,74472.59
79,NLMK,2023-02-01 12:00,2023-02-01 15:00,118.49,118.59,130,63.87,0.41,SL,1,3,50136.88
80,ROSN,2023-02-01 11:00,2023-02-03 12:00,343.48,339.21,71,-327.62,-1.34,SL,0,31,58417.37
81,GAZP,2023-02-03 16:00,2023-02-06 10:00,161.47,159.54,110,-229.09,-1.29,SL,0,9,58188.29
82,SBER,2023-02-06 11:00,2023-02-06 12:00,163.24,163.37,110,74.43,0.41,SL,1,1,58262.72
83,TGKA,2023-01-23 17:00,2023-02-06 13:00,0.01,0.01,2748000,281.61,1.3,TIME,0,96,62188.25
84,SBER,2023-02-06 12:00,2023-02-07 13:00,163.77,163.9,110,186.53,1.03,SL,2,16,59980.7
85,MTLR,2023-02-02 15:00,2023-02-08 12:00,121.41,128.61,130,421.58,2.67,TP3,3,37,76193.74
86,TGKA,2023-02-10 14:00,2023-02-13 16:00,0.01,0.01,2976000,-667.92,-2.66,SL,0,12,75525.82
87,ROSN,2023-02-06 18:00,2023-02-14 10:00,345.88,346.16,59,211.26,1.03,SL,2,82,96154.47
88,T,2023-02-24 18:00,2023-02-27 09:00,2646.76,2599.96,11,-543.72,-1.87,SL,0,6,95610.75
89,SBER,2023-02-27 18:00,2023-02-28 10:00,169.74,169.87,120,84.46,0.41,SL,1,7,64246.35
90,LKOH,2023-02-28 14:00,2023-02-28 18:00,3964.9,3968.07,5,82.21,0.41,SL,1,4,64328.56
91,MTLR,2023-02-27 14:00,2023-03-01 18:00,125.73,125.96,250,424.34,1.35,SL,2,24,75358.06
92,GAZP,2023-03-01 11:00,2023-03-02 13:00,160.26,160.38,130,215.67,1.03,SL,2,17,96417.43
93,ROSN,2023-03-06 11:00,2023-03-10 10:00,362.24,362.53,87,130.67,0.41,SL,1,44,61505.44
94,MTLR,2023-03-09 17:00,2023-03-10 11:00,136.19,136.3,100,67.4,0.49,SL,1,9,75199.01
95,MTLR,2023-03-10 19:00,2023-03-13 10:00,141.72,141.84,170,115.17,0.48,SL,1,6,75314.18
96,MTLR,2023-03-13 11:00,2023-03-13 12:00,143.9,141.78,170,-385.27,-1.57,SL,0,1,74928.91
97,TGKA,2023-03-06 14:00,2023-03-16 15:00,0.01,0.01,2647000,-289.71,-1.35,SL,0,71,96055.68
98,LKOH,2023-03-17 12:00,2023-03-20 10:00,4120.91,4124.21,7,119.59,0.41,SL,1,13,59941.44
99,NVTK,2023-03-17 17:00,2023-03-20 10:00,1078.51,1065.64,14,-195.14,-1.29,SL,0,8,74852.96
100,SBER,2023-03-17 15:00,2023-03-21 15:00,191.97,207.27,110,765.87,3.63,TP3,3,30,59586.67
101,ROSN,2023-03-20 11:00,2023-03-21 17:00,368.19,383.6,67,457.8,1.85,TP3,3,21,84725.32
102,LKOH,2023-03-20 11:00,2023-03-23 16:00,4157.42,4160.74,3,129.08,1.03,SL,2,50,97332.88
103,TGKA,2023-03-24 11:00,2023-03-24 17:00,0.01,0.01,3816000,-472.07,-1.47,SL,0,6,96860.81
104,SBER,2023-03-27 12:00,2023-03-28 10:00,205.6,214.21,100,381.72,1.86,TP3,3,13,51622.13
105,NVTK,2023-03-27 13:00,2023-03-28 10:00,1157.72,1158.64,12,57.6,0.41,SL,1,12,65579.26
106,MTLR,2023-03-28 16:00,2023-03-29 12:00,146.55,152.93,140,396.17,1.93,TP3,3,11,65975.43
107,ROSN,2023-03-27 11:00,2023-03-29 13:00,381.99,382.29,83,131.4,0.41,SL,1,32,97827.7
108,NLMK,2023-03-29 14:00,2023-03-30 14:00,132.51,130.85,240,-431.98,-1.36,SL,0,15,97395.72
109,TGKA,2023-03-30 15:00,2023-03-31 11:00,0.01,0.01,3553000,-702.65,-2.19,SL,0,6,96693.07
110,MGNT,2023-03-31 11:00,2023-03-31 18:00,4645.96,4589.33,6,-367.51,-1.32,SL,0,7,96325.56
111,NLMK,2023-04-03 19:00,2023-04-03 20:00,133.65,132.27,230,-349.5,-1.14,SL,0,1,95976.06
112,NVTK,2023-04-04 15:00,2023-04-04 16:00,1208.12,1193.27,26,-417.46,-1.33,SL,0,1,95558.59
113,T,2023-04-07 15:00,2023-04-07 17:00,2549.75,2551.79,12,126.87,0.41,SL,1,2,95685.46
114,T,2023-04-07 17:00,2023-04-10 10:00,2578.26,2686.31,12,574.66,1.86,TP3,3,8,96260.12
115,MTLR,2023-04-10 11:00,2023-04-11 11:00,158.42,165.42,200,622.76,1.96,TP3,3,15,62640.54
116,NVTK,2023-04-10 11:00,2023-04-11 16:00,1243.72,1228.83,17,-274.29,-1.3,SL,0,20,63973.52
117,SBER,2023-04-10 11:00,2023-04-11 16:00,218.03,218.21,60,135.41,1.03,SL,2,20,77197.38
118,GAZP,2023-04-11 11:00,2023-04-11 16:00,177.61,177.75,110,202.25,1.03,SL,2,5,96946.25
119,MTLR,2023-04-13 11:00,2023-04-13 17:00,179.71,175.8,170,-695.19,-2.27,SL,0,6,96251.06
120,NVTK,2023-04-14 11:00,2023-04-14 14:00,1278.13,1279.15,24,127.21,0.41,SL,1,3,96378.27
121,NLMK,2023-04-14 19:00,2023-04-18 17:00,131.35,136.86,160,390.7,1.86,TP3,3,28,52251.08
122,SBER,2023-04-17 11:00,2023-04-19 10:00,224.82,234.24,60,250.44,1.86,TP3,3,29,50296.99
123,MTLR,2023-04-18 17:00,2023-04-19 10:00,196.16,197.99,80,376.37,2.4,SL,2,8,66373.98
124,NLMK,2023-04-19 11:00,2023-04-19 13:00,139.43,139.55,150,89.0,0.43,SL,1,2,52019.62
125,NVTK,2023-04-14 15:00,2023-04-19 15:00,1291.93,1292.96,24,320.98,1.03,SL,2,45,83362.4
126,MTLR,2023-04-19 11:00,2023-04-19 15:00,206.23,200.46,70,-417.96,-2.89,SL,0,4,97387.79
127,T,2023-04-28 11:00,2023-04-28 13:00,2817.78,2782.64,5,-189.71,-1.35,SL,0,2,45775.84
128,GAZP,2023-04-27 19:00,2023-04-28 14:00,183.33,180.77,110,-301.68,-1.5,SL,0,10,65650.36
129,SBER,2023-04-27 14:00,2023-05-02 17:00,240.23,240.43,130,129.49,0.41,SL,1,33,97025.89
130,ROSN,2023-05-10 15:00,2023-05-11 10:00,392.19,392.5,81,131.72,0.41,SL,1,10,62708.55
131,MTLR,2023-05-10 16:00,2023-05-11 10:00,184.98,196.65,70,368.92,2.85,TP3,3,9,76032.44
132,T,2023-05-11 11:00,2023-05-11 13:00,2735.77,2701.15,6,-224.08,-1.36,SL,0,2,52475.97
133,MTLR,2023-05-11 11:00,2023-05-11 14:00,194.34,190.13,120,-527.84,-2.26,SL,0,3,75280.53
134,NVTK,2023-05-10 15:00,2023-05-11 21:00,1263.73,1264.74,17,89.09,0.41,SL,1,21,96863.71
135,GAZP,2023-05-15 20:00,2023-05-16 10:00,178.95,179.09,80,59.36,0.41,SL,1,5,45178.94
136,T,2023-05-15 12:00,2023-05-16 11:00,2713.77,2827.48,11,554.34,1.86,TP3,3,14,75599.69
137,ROSN,2023-05-15 15:00,2023-05-16 12:00,404.94,405.26,54,226.37,1.03,SL,2,12,97703.77
138,MGNT,2023-05-16 18:00,2023-05-17 11:00,4644.46,4586.86,6,-373.32,-1.34,SL,0,8,97330.46
139,ROSN,2023-05-22 19:00,2023-05-22 23:00,424.04,424.38,75,132.19,0.42,SL,1,4,97462.65
140,NVTK,2023-05-23 17:00,2023-05-24 10:00,1294.53,1295.56,24,128.87,0.41,SL,1,8,66027.59
141,T,2023-05-24 18:00,2023-05-24 19:00,3270.83,3208.09,6,-395.86,-2.02,SL,0,1,65631.72
142,SBER,2023-05-23 19:00,2023-05-24 23:00,236.12,246.01,90,394.39,1.85,TP3,3,19,87287.87
143,LKOH,2023-05-23 20:00,2023-05-29 10:00,5148.51,5364.24,2,191.22,1.86,TP3,3,50,52638.19
144,T,2023-05-29 12:00,2023-05-29 17:00,3286.83,3434.0,5,327.32,1.99,TP3,3,5,52965.52
145,SBER,2023-05-26 18:00,2023-05-30 09:00,249.22,249.42,70,72.34,0.41,SL,1,21,53387.07
146,T,2023-05-29 17:00,2023-05-30 09:00,3419.34,3366.17,5,-282.81,-1.65,SL,0,7,70209.52
147,NLMK,2023-05-25 17:00,2023-05-30 10:00,138.37,144.62,200,555.7,2.01,TP3,3,38,98453.82
148,NVTK,2023-06-02 15:00,2023-06-05 15:00,1338.53,1339.6,24,332.5,1.03,SL,2,15,77247.71
149,ROSN,2023-06-05 11:00,2023-06-05 15:00,468.0,462.14,46,-290.65,-1.35,SL,0,4,98495.67
150,T,2023-06-09 11:00,2023-06-09 12:00,3440.34,3397.99,9,-411.99,-1.33,SL,0,1,76341.15
151,GAZP,2023-06-09 11:00,2023-06-09 18:00,167.17,165.11,130,-288.82,-1.33,SL,0,7,97794.87
152,LKOH,2023-06-13 14:00,2023-06-14 12:00,5215.52,5219.69,6,129.77,0.41,SL,1,13,62376.11
153,NVTK,2023-06-13 15:00,2023-06-14 12:00,1380.74,1363.56,15,-278.22,-1.34,SL,0,12,82819.32
154,SBER,2023-06-14 11:00,2023-06-14 19:00,246.99,243.95,60,-197.55,-1.33,SL,0,8,97448.87
155,T,2023-06-15 11:00,2023-06-15 12:00,3640.36,3586.24,8,-461.93,-1.59,SL,0,1,96986.93
156,MTLR,2023-06-15 22:00,2023-06-16 10:00,181.19,181.33,110,84.09,0.42,SL,1,3,65656.58
157,NLMK,2023-06-15 16:00,2023-06-16 16:00,165.26,163.05,190,-449.99,-1.43,SL,0,15,96621.03
158,MGNT,2023-06-16 20:00,2023-06-19 10:00,4754.48,5033.59,6,754.28,2.64,TP3,3,5,97375.31
159,NLMK,2023-06-19 18:00,2023-06-20 10:00,172.38,172.52,180,174.33,0.56,SL,1,7,97549.64
160,NLMK,2023-06-20 11:00,2023-06-20 13:00,173.28,170.69,180,-496.42,-1.59,SL,0,2,97053.22
161,MTLR,2023-06-21 16:00,2023-06-22 10:00,183.44,183.59,170,137.11,0.44,SL,1,9,97190.32
162,GAZP,2023-06-29 11:00,2023-06-30 09:00,169.51,167.42,130,-292.86,-1.33,SL,0,13,67191.65
163,MGNT,2023-06-28 14:00,2023-07-03 10:00,4948.49,5229.1,6,757.24,2.55,TP3,3,41,76836.62
164,NLMK,2023-06-30 18:00,2023-07-03 10:00,173.4,173.54,120,95.48,0.46,SL,1,7,97750.19
165,MGNT,2023-07-03 17:00,2023-07-03 22:00,5332.53,5266.96,4,-283.48,-1.33,SL,0,5,65827.83
166,SBER,2023-07-03 16:00,2023-07-05 14:00,243.25,240.25,130,-421.56,-1.33,SL,0,28,76176.63
167,MTLR,2023-07-05 21:00,2023-07-06 13:00,187.57,187.74,130,300.24,1.23,SL,2,7,60209.52
168,NLMK,2023-07-06 11:00,2023-07-06 15:00,180.66,178.4,90,-219.64,-1.35,SL,0,4,76257.23
169,LKOH,2023-07-04 16:00,2023-07-07 12:00,5214.52,5432.97,4,387.26,1.86,TP3,3,41,97513.0
170,LKOH,2023-07-07 13:00,2023-07-10 12:00,5426.54,5430.88,5,112.5,0.41,SL,1,14,75383.07
171,T,2023-07-10 18:00,2023-07-11 10:00,3352.34,3355.02,5,69.5,0.41,SL,1,7,53743.55
172,SBER,2023-07-10 11:00,2023-07-11 11:00,247.01,247.21,90,92.18,0.41,SL,1,15,76078.17
173,T,2023-07-11 11:00,2023-07-12 14:00,3397.34,3400.06,7,98.61,0.41,SL,1,18,59148.56
174,NVTK,2023-07-12 16:00,2023-07-13 12:00,1445.94,1428.16,13,-249.82,-1.33,SL,0,11,58898.74
175,GAZP,2023-07-12 11:00,2023-07-13 13:00,170.2,168.11,100,-225.21,-1.32,SL,0,17,75701.75
176,MGNT,2023-07-10 15:00,2023-07-18 11:00,5424.54,5651.81,4,402.89,1.86,TP3,3,86,57000.58
177,MGNT,2023-07-18 12:00,2023-07-19 10:00,5678.57,5683.11,3,176.39,1.03,SL,2,13,57176.97
178,NLMK,2023-07-14 19:00,2023-07-20 11:00,190.02,190.18,130,255.95,1.04,SL,2,52,82147.74
179,NVTK,2023-07-17 16:00,2023-07-20 11:00,1462.75,1463.92,11,166.57,1.03,SL,2,40,98412.56
180,MGNT,2023-07-24 11:00,2023-07-24 16:00,5845.08,5760.46,5,-452.12,-1.55,SL,0,5,97960.44
181,NLMK,2023-07-25 18:00,2023-07-26 11:00,195.32,195.48,80,64.79,0.41,SL,1,8,47766.49
182,LKOH,2023-07-25 12:00,2023-07-26 13:00,5595.06,5599.53,5,116.01,0.41,SL,1,16,75871.78
183,MTLR,2023-07-26 15:00,2023-07-27 10:00,198.14,206.44,120,441.49,1.86,TP3,3,10,59798.97
184,LKOH,2023-07-28 15:00,2023-07-28 16:00,5735.57,5740.16,3,71.35,0.41,SL,1,1,59870.33
185,NVTK,2023-07-26 17:00,2023-07-31 11:00,1500.55,1501.75,11,68.43,0.41,SL,1,39,59114.66
186,SBER,2023-07-25 14:00,2023-07-31 12:00,247.31,257.68,90,413.25,1.86,TP3,3,58,62981.49
187,NLMK,2023-07-31 11:00,2023-07-31 18:00,208.96,209.13,90,77.98,0.41,SL,1,7,61383.06
188,SBER,2023-07-31 12:00,2023-07-31 23:00,256.03,266.75,80,380.26,1.86,TP3,3,11,64524.98
189,T,2023-07-31 18:00,2023-08-01 10:00,3544.35,3500.77,5,-235.53,-1.33,SL,0,7,82020.08
190,LKOH,2023-07-28 17:00,2023-08-01 14:00,5776.58,6018.59,3,321.78,1.86,TP3,3,27,99680.26
191,NVTK,2023-08-02 17:00,2023-08-02 19:00,1559.96,1540.77,14,-290.25,-1.33,SL,0,2,67362.6
192,MTLR,2023-08-02 17:00,2023-08-03 11:00,228.65,229.51,140,518.83,1.62,SL,2,9,99908.84
193,T,2023-08-03 15:00,2023-08-04 10:00,3644.86,3647.78,9,147.99,0.45,SL,1,10,77906.78
194,LKOH,2023-08-04 11:00,2023-08-04 12:00,6182.12,6187.38,4,103.16,0.42,SL,1,1,78009.94
195,TGKA,2023-08-03 16:00,2023-08-04 15:00,0.01,0.01,1909000,-466.09,-2.1,SL,0,9,57499.0
196,LKOH,2023-08-04 13:00,2023-08-04 15:00,6244.62,6167.34,4,-333.94,-1.34,SL,0,2,82156.04
197,ROSN,2023-08-04 13:00,2023-08-04 15:00,537.35,530.5,32,-236.43,-1.37,SL,0,2,99123.53
198,T,2023-08-10 19:00,2023-08-11 11:00,3670.37,3673.3,8,139.96,0.48,SL,1,7,99263.49
199,MTLR,2023-08-11 11:00,2023-08-11 12:00,235.18,231.02,130,-571.58,-1.87,SL,0,1,98691.91
200,T,2023-08-11 13:00,2023-08-11 19:00,3752.88,3690.44,8,-529.27,-1.76,SL,0,6,98162.64
201,ROSN,2023-08-14 11:00,2023-08-14 17:00,556.51,556.95,58,133.83,0.41,SL,1,6,65210.03
202,NVTK,2023-08-14 11:00,2023-08-14 17:00,1690.97,1670.18,12,-269.68,-1.33,SL,0,6,85242.12
203,LKOH,2023-08-14 11:00,2023-08-14 17:00,6389.14,6310.08,2,-170.81,-1.34,SL,0,6,97855.98
204,MGNT,2023-08-21 14:00,2023-08-21 17:00,5780.08,5784.7,2,121.64,1.05,SL,2,3,45032.26
205,NVTK,2023-08-21 11:00,2023-08-22 19:00,1670.17,1671.5,19,131.56,0.41,SL,1,23,63656.91
206,LKOH,2023-08-22 17:00,2023-08-23 11:00,6624.66,6523.85,2,-214.77,-1.62,SL,0,9,76698.09
207,GAZP,2023-08-21 11:00,2023-08-23 16:00,176.55,174.38,120,-281.56,-1.33,SL,0,35,97612.84
208,NLMK,2023-08-28 18:00,2023-08-28 19:00,200.94,198.47,100,-267.05,-1.33,SL,0,1,65639.58
209,TGKA,2023-08-29 15:00,2023-08-29 18:00,0.01,0.01,1692000,-714.43,-3.3,SL,0,3,51520.1
210,LKOH,2023-08-29 16:00,2023-08-29 19:00,6699.17,6704.53,2,55.54,0.41,SL,1,3,64980.68
211,SBER,2023-08-28 12:00,2023-08-30 16:00,264.09,264.3,120,131.4,0.41,SL,1,34,76272.47
212,ROSN,2023-09-04 11:00,2023-09-05 11:00,567.01,567.46,44,103.46,0.41,SL,1,15,60259.87
213,SBER,2023-09-04 13:00,2023-09-05 12:00,268.47,265.17,60,-214.08,-1.33,SL,0,14,57955.93
214,GAZP,2023-09-05 11:00,2023-09-05 12:00,181.97,179.72,100,-242.83,-1.33,SL,0,1,75919.02
215,LKOH,2023-08-30 11:00,2023-09-06 14:00,6845.18,6850.66,3,85.14,0.41,SL,1,78,96549.99
216,SBER,2023-09-29 12:00,2023-10-02 16:00,261.99,258.76,120,-417.82,-1.33,SL,0,19,75790.47
217,LKOH,2023-10-02 12:00,2023-10-02 17:00,6777.18,6694.83,3,-267.25,-1.31,SL,0,5,95864.92
218,NLMK,2023-10-04 17:00,2023-10-04 19:00,214.42,211.77,100,-286.95,-1.34,SL,0,2,65382.86
219,MTLR,2023-10-04 17:00,2023-10-05 20:00,215.57,215.74,140,125.14,0.41,SL,1,18,95703.11
220,NVTK,2023-10-09 14:00,2023-10-10 09:00,1737.77,1739.16,8,57.64,0.41,SL,1,10,44256.67
221,SBER,2023-10-09 11:00,2023-10-10 19:00,265.22,261.97,80,-281.19,-1.32,SL,0,23,53970.67
222,MTLR,2023-10-10 19:00,2023-10-11 10:00,232.14,232.33,70,94.21,0.58,SL,1,6,54064.89
223,MTLR,2023-10-11 11:00,2023-10-11 13:00,236.53,232.68,70,-286.29,-1.73,SL,0,2,53778.6
224,MGNT,2023-10-10 18:00,2023-10-11 14:00,5613.56,5618.05,2,116.22,1.03,SL,2,11,65127.56
225,T,2023-10-09 11:00,2023-10-11 22:00,3362.34,3365.03,9,125.47,0.41,SL,1,41,74540.6
226,LKOH,2023-10-11 15:00,2023-10-11 22:00,6992.7,6998.29,3,86.98,0.41,SL,1,7,95616.17
227,T,2023-10-13 13:00,2023-10-16 13:00,3471.35,3474.12,9,145.78,0.47,SL,1,15,95761.95
228,SBER,2023-10-16 16:00,2023-10-17 11:00,267.57,267.78,110,122.04,0.41,SL,1,10,75125.94
229,NVTK,2023-10-16 17:00,2023-10-17 19:00,1728.97,1707.71,12,-275.74,-1.33,SL,0,17,72506.4
230,MGNT,2023-10-17 16:00,2023-10-18 16:00,5772.58,5700.11,4,-312.8,-1.35,SL,0,15,56718.32
231,ROSN,2023-10-18 14:00,2023-10-18 16:00,588.01,580.83,40,-310.62,-1.32,SL,0,2,79939.81
232,LKOH,2023-10-18 15:00,2023-10-18 16:00,7518.75,7426.79,2,-198.86,-1.32,SL,0,1,94785.97
233,MTLR,2023-10-18 17:00,2023-10-19 10:00,244.86,245.06,120,164.19,0.56,SL,1,8,94950.16
234,MTLR,2023-10-19 11:00,2023-10-20 10:00,250.94,264.41,120,725.86,2.41,TP3,3,14,95676.02
235,MTLR,2023-10-20 11:00,2023-10-20 12:00,266.8,262.03,110,-552.97,-1.88,SL,0,1,95123.05
236,MGNT,2023-10-23 13:00,2023-10-26 14:00,5948.59,5953.35,5,307.9,1.03,SL,2,46,95430.95
237,GAZP,2023-11-02 11:00,2023-11-02 17:00,170.85,168.76,180,-406.93,-1.32,SL,0,6,95024.02
238,MTLR,2023-11-02 17:00,2023-11-02 18:00,279.47,274.85,110,-538.17,-1.75,SL,0,1,94485.85
239,NLMK,2023-11-06 12:00,2023-11-07 11:00,199.18,196.73,150,-397.18,-1.33,SL,0,14,63000.02
240,MTLR,2023-11-07 14:00,2023-11-07 15:00,287.09,287.32,70,83.39,0.41,SL,1,1,63083.41
241,MTLR,2023-11-07 16:00,2023-11-08 13:00,289.47,302.27,70,398.4,1.97,TP3,3,12,63481.81
242,LKOH,2023-11-06 19:00,2023-11-09 10:00,7353.24,7264.79,2,-191.5,-1.3,SL,0,36,78004.13
243,TGKA,2023-11-09 11:00,2023-11-09 14:00,0.01,0.01,2371000,-407.35,-1.58,SL,0,3,77596.78
244,ROSN,2023-11-10 13:00,2023-11-13 11:00,594.96,595.44,43,106.06,0.41,SL,1,13,77702.84
245,SBER,2023-11-06 19:00,2023-11-13 17:00,272.78,284.19,60,303.57,1.85,TP3,3,73,94381.23
246,NLMK,2023-11-13 18:00,2023-11-14 10:00,198.0,195.66,150,-379.91,-1.28,SL,0,7,94001.32
247,MTLR,2023-11-16 11:00,2023-11-16 19:00,330.13,331.06,90,443.6,1.49,SL,2,8,94444.92
248,T,2023-11-20 17:00,2023-11-21 11:00,3485.35,3488.14,8,115.61,0.41,SL,1,9,94560.53
249,MGNT,2023-11-23 21:00,2023-11-24 10:00,6270.13,6179.5,4,-387.43,-1.54,SL,0,4,94173.11
250,NVTK,2023-12-05 18:00,2023-12-06 11:00,1543.75,1524.97,20,-406.39,-1.32,SL,0,8,93766.72
251,MGNT,2023-12-15 17:00,2023-12-18 10:00,6314.13,6319.18,4,118.2,0.47,SL,1,8,93884.92
252,GAZP,2023-12-18 12:00,2023-12-18 16:00,167.17,165.15,120,-261.53,-1.3,SL,0,4,63987.62
253,MTLR,2023-12-18 11:00,2023-12-19 14:00,296.21,290.74,100,-575.85,-1.94,SL,0,18,93047.54
254,NLMK,2023-12-20 11:00,2023-12-20 17:00,175.54,175.68,110,81.71,0.42,SL,1,6,62870.51
255,ROSN,2023-12-20 11:00,2023-12-20 19:00,581.61,574.41,52,-404.51,-1.34,SL,0,8,72636.7
256,MGNT,2023-12-20 17:00,2023-12-21 15:00,6692.67,6610.37,3,-266.84,-1.33,SL,0,13,92457.9
257,MTLR,2023-12-22 11:00,2023-12-22 12:00,304.25,304.49,100,169.77,0.56,SL,1,1,92627.67
258,MTLR,2023-12-22 13:00,2023-12-22 19:00,307.63,307.88,90,165.55,0.6,SL,1,6,92793.22
259,T,2023-12-25 11:00,2023-12-25 14:00,3091.31,3053.3,9,-369.76,-1.33,SL,0,3,59630.4
260,SBER,2023-12-25 11:00,2023-12-25 15:00,273.45,270.09,70,-253.7,-1.32,SL,0,4,78527.58
261,MGNT,2023-12-25 12:00,2023-12-25 17:00,6817.68,6823.13,2,56.55,0.41,SL,1,5,92226.31
262,MGNT,2023-12-25 18:00,2023-12-26 10:00,6879.69,6885.19,4,114.1,0.41,SL,1,7,92340.41
263,ROSN,2023-12-27 11:00,2023-12-29 10:00,593.91,586.61,51,-402.55,-1.33,SL,0,29,91937.86
264,MTLR,2024-01-03 17:00,2024-01-04 10:00,324.59,324.85,90,121.15,0.41,SL,1,8,71577.02
265,NLMK,2024-01-04 12:00,2024-01-05 11:00,184.08,181.81,80,-195.72,-1.33,SL,0,14,49657.28
266,MGNT,2024-01-04 11:00,2024-01-05 13:00,7237.72,7243.51,3,90.04,0.41,SL,1,17,71471.35
267,MTLR,2024-01-08 11:00,2024-01-08 16:00,332.34,328.26,40,-176.68,-1.33,SL,0,5,48567.44
268,ROSN,2024-01-03 18:00,2024-01-11 09:00,602.11,594.85,34,-267.04,-1.3,SL,0,81,54943.09
269,NLMK,2024-01-11 15:00,2024-01-11 16:00,192.58,192.73,90,72.19,0.42,SL,1,1,55015.28
270,NLMK,2024-01-11 16:00,2024-01-11 17:00,194.34,194.49,90,76.68,0.44,SL,1,1,55091.96
271,NLMK,2024-01-11 17:00,2024-01-12 10:00,194.88,195.04,90,85.99,0.49,SL,1,8,55177.95
272,T,2024-01-15 11:00,2024-01-15 13:00,3406.84,3364.95,5,-226.39,-1.33,SL,0,2,54951.56
273,GAZP,2024-01-05 18:00,2024-01-16 09:00,162.26,163.18,140,149.99,0.66,TIME,1,96,77828.78
274,SBER,2024-01-08 16:00,2024-01-16 22:00,276.65,276.22,50,-35.09,-0.25,TIME,0,96,91632.99
275,GAZP,2024-01-18 14:00,2024-01-23 16:00,166.77,166.91,180,125.63,0.42,SL,1,47,91758.63
276,MGNT,2024-01-30 12:00,2024-01-30 15:00,7041.2,7046.84,2,58.4,0.41,SL,1,3,62198.26
277,MGNT,2024-01-30 15:00,2024-01-30 17:00,7090.71,7003.52,2,-188.47,-1.33,SL,0,2,62009.79
278,NLMK,2024-01-29 18:00,2024-02-02 10:00,197.36,205.63,150,549.69,1.86,TP3,3,52,59228.49
279,MTLR,2024-01-30 19:00,2024-02-02 10:00,313.98,314.23,60,214.18,1.14,SL,2,36,78290.97
280,LKOH,2024-01-31 11:00,2024-02-02 10:00,7047.2,7052.84,2,58.44,0.41,SL,1,29,92450.86
281,NVTK,2024-02-05 22:00,2024-02-07 12:00,1490.15,1470.84,13,-270.29,-1.39,SL,0,20,47628.12
282,TGKA,2024-02-05 18:00,2024-02-08 10:00,0.01,0.01,3041000,-469.06,-1.54,SL,0,22,64658.79
283,T,2024-02-07 14:00,2024-02-08 10:00,3253.33,3255.93,4,53.96,0.41,SL,1,11,77732.55
284,MGNT,2024-02-08 15:00,2024-02-09 10:00,7359.24,7268.74,3,-293.42,-1.33,SL,0,10,77439.13
285,SBER,2024-02-07 11:00,2024-02-15 18:00,280.52,289.76,50,235.34,1.68,TIME,2,96,91707.39
286,NLMK,2024-02-16 12:00,2024-02-16 14:00,201.14,198.65,150,-403.94,-1.34,SL,0,2,91303.45
287,SBER,2024-02-26 13:00,2024-02-28 13:00,290.32,290.55,100,120.38,0.41,SL,1,30,76108.64
288,NLMK,2024-03-01 11:00,2024-03-01 12:00,201.42,201.58,80,66.81,0.41,SL,1,1,51272.12
289,MGNT,2024-02-28 11:00,2024-03-05 10:00,7653.77,7659.89,2,63.47,0.41,SL,1,59,50441.06
290,NVTK,2024-03-06 15:00,2024-03-06 16:00,1374.34,1375.44,12,68.39,0.41,SL,1,1,50509.45
291,NVTK,2024-03-06 16:00,2024-03-07 11:00,1378.34,1379.44,12,68.58,0.41,SL,1,10,50578.03
292,ROSN,2024-02-29 14:00,2024-03-11 20:00,578.86,587.89,43,331.32,1.33,TIME,2,96,60684.11
293,SBER,2024-03-11 11:00,2024-03-11 23:00,302.42,298.7,50,-200.96,-1.33,SL,0,12,75611.72
294,NLMK,2024-03-01 12:00,2024-03-12 18:00,202.52,204.22,80,192.32,1.19,TIME,2,96,52232.11
295,MTLR,2024-03-12 12:00,2024-03-13 18:00,293.94,294.17,80,243.5,1.03,SL,2,21,76002.52
296,GAZP,2024-03-12 17:00,2024-03-15 10:00,162.47,160.47,100,-215.92,-1.33,SL,0,38,92041.34
297,NLMK,2024-03-15 19:00,2024-03-18 10:00,209.24,209.41,140,121.6,0.41,SL,1,6,92162.94
298,NLMK,2024-03-22 12:00,2024-03-22 17:00,219.14,216.39,130,-386.32,-1.36,SL,0,5,91776.62
299,MTLR,2024-04-01 17:00,2024-04-02 16:00,284.08,284.31,100,294.03,1.03,SL,2,14,92070.66
300,GAZP,2024-04-02 19:00,2024-04-03 11:00,162.47,162.6,180,120.88,0.41,SL,1,7,92191.54
301,GAZP,2024-04-03 11:00,2024-04-03 15:00,164.35,162.33,180,-393.16,-1.33,SL,0,4,91798.38
302,LKOH,2024-04-04 11:00,2024-04-09 18:00,7741.27,7747.47,2,64.19,0.41,SL,1,52,64400.61
303,SBER,2024-04-03 17:00,2024-04-10 10:00,304.98,305.22,90,113.82,0.41,SL,1,68,91976.4
304,TGKA,2024-04-10 17:00,2024-04-11 15:00,0.01,0.01,3034000,-577.51,-1.9,SL,0,13,91398.89
305,MGNT,2024-04-15 15:00,2024-04-16 10:00,8021.8,8357.85,2,297.87,1.86,TP3,3,10,61612.32
306,MGNT,2024-04-16 11:00,2024-04-16 18:00,8322.83,8218.52,2,-225.17,-1.35,SL,0,7,61387.15
307,ROSN,2024-04-11 18:00,2024-04-18 11:00,578.26,578.72,52,311.31,1.03,SL,2,68,91782.9
308,SBER,2024-04-22 18:00,2024-04-23 12:00,312.08,312.33,90,116.46,0.41,SL,1,9,91899.36
309,NLMK,2024-04-23 14:00,2024-04-23 18:00,230.36,227.39,130,-415.97,-1.39,SL,0,4,91483.38
310,MGNT,2024-04-26 15:00,2024-04-27 14:00,8215.32,8221.89,2,68.13,0.41,SL,1,14,53392.03
311,NLMK,2024-04-26 12:00,2024-04-30 10:00,232.04,241.77,130,560.22,1.86,TP3,3,43,84132.94
312,LKOH,2024-04-27 11:00,2024-05-06 10:00,7974.8,7981.18,1,82.56,1.03,SL,2,74,92194.28
313,T,2024-05-06 18:00,2024-05-07 12:00,3140.31,3142.83,9,117.19,0.41,SL,1,9,92311.47
314,NLMK,2024-05-08 11:00,2024-05-17 17:00,248.6,251.81,120,381.03,1.28,TIME,2,96,59886.43
315,LKOH,2024-05-17 18:00,2024-05-20 11:00,7859.79,7866.07,2,65.18,0.41,SL,1,8,59951.61
316,SBER,2024-05-10 11:00,2024-05-20 17:00,312.81,321.36,60,293.8,1.56,TIME,2,96,79023.47
317,ROSN,2024-05-13 11:00,2024-05-20 19:00,584.21,584.68,24,145.15,1.03,SL,2,83,93196.63
318,MTLR,2024-06-05 18:00,2024-06-10 18:00,228.08,228.27,130,255.86,0.86,SL,1,45,93452.49
319,T,2024-06-26 17:00,2024-06-26 18:00,2938.79,2941.21,7,85.51,0.42,SL,1,1,64571.23
320,T,2024-06-26 19:00,2024-06-27 10:00,2962.3,2964.67,7,85.98,0.41,SL,1,6,64657.21
321,NVTK,2024-06-28 17:00,2024-07-01 10:00,1082.91,1083.77,13,58.37,0.41,SL,1,8,43923.62
322,T,2024-06-27 11:00,2024-07-02 13:00,2968.8,2971.17,7,86.15,0.41,SL,1,47,50520.67
323,ROSN,2024-07-01 15:00,2024-07-03 10:00,570.96,571.41,25,59.18,0.41,SL,1,25,64860.92
324,SBER,2024-06-26 11:00,2024-07-04 17:00,321.69,325.48,90,363.17,1.25,TIME,2,96,94190.86
325,NVTK,2024-07-19 14:00,2024-07-19 19:00,1096.31,1077.5,28,-557.05,-1.81,SL,0,5,93633.81
326,NVTK,2024-07-22 11:00,2024-07-22 12:00,1114.31,1096.73,27,-504.54,-1.68,SL,0,1,93129.27
327,ROSN,2024-07-22 14:00,2024-07-24 21:00,532.2,532.63,57,125.78,0.41,SL,1,37,93255.05
328,NLMK,2024-07-26 13:00,2024-07-26 14:00,175.78,173.62,170,-397.14,-1.33,SL,0,1,92857.91
329,TGKA,2024-08-13 16:00,2024-08-13 18:00,0.01,0.01,4045000,-376.72,-1.23,SL,0,2,92481.19
330,LKOH,2024-08-22 17:00,2024-08-23 18:00,6430.64,6336.12,4,-403.64,-1.57,SL,0,16,92077.55
331,LKOH,2024-08-26 14:00,2024-08-27 14:00,6633.16,6529.02,3,-332.17,-1.67,SL,0,15,50477.43
332,YDEX,2024-08-26 12:00,2024-08-27 16:00,3910.39,3846.33,7,-475.55,-1.74,SL,0,19,77388.3
333,GAZP,2024-08-26 17:00,2024-08-27 16:00,126.13,123.6,110,-292.8,-2.11,SL,0,14,90977.02
334,GAZP,2024-08-29 18:00,2024-08-30 10:00,128.96,129.07,230,246.27,0.83,SL,1,7,91223.3
335,NLMK,2024-09-05 14:00,2024-09-05 15:00,142.41,139.11,210,-723.05,-2.42,SL,0,1,90500.24
336,LKOH,2024-09-09 13:00,2024-09-10 10:00,6468.65,6473.82,4,107.29,0.41,SL,1,12,71406.02
337,YDEX,2024-09-09 14:00,2024-09-10 10:00,3838.38,3841.45,5,86.08,0.45,SL,1,11,90693.61
338,MGNT,2024-09-10 11:00,2024-09-10 14:00,5002.5,4941.98,5,-327.48,-1.31,SL,0,3,90366.12
339,YDEX,2024-09-13 18:00,2024-09-16 17:00,3906.39,4123.87,7,684.17,2.5,TP3,3,14,58125.55
340,NLMK,2024-09-16 11:00,2024-09-16 17:00,150.52,150.64,130,136.99,0.7,SL,1,6,77839.28
341,YDEX,2024-09-16 18:00,2024-09-17 10:00,4117.41,4120.7,6,143.66,0.58,SL,1,7,77982.94
342,MGNT,2024-09-17 11:00,2024-09-17 14:00,5507.55,5394.55,4,-473.8,-2.15,SL,0,3,77509.14
343,MGNT,2024-09-20 22:00,2024-09-23 10:00,5857.09,5861.77,2,58.9,0.5,SL,1,3,52259.27
344,LKOH,2024-09-16 12:00,2024-09-23 13:00,6670.67,6989.86,2,284.93,2.13,TP3,3,76,49576.22
345,ROSN,2024-09-20 15:00,2024-09-24 10:00,527.0,520.47,48,-338.56,-1.34,SL,0,25,58247.66
346,MTLR,2024-09-23 14:00,2024-09-24 11:00,116.36,116.64,140,233.96,1.44,SL,2,12,74780.39
347,GAZP,2024-09-24 11:00,2024-09-24 14:00,134.05,134.16,180,145.26,0.6,SL,1,3,74925.65
348,T,2024-09-25 13:00,2024-09-25 14:00,2749.27,2709.07,8,-343.5,-1.56,SL,0,1,74582.14
349,SBER,2024-09-23 11:00,2024-09-25 18:00,271.8,268.47,60,-215.55,-1.32,SL,0,37,90682.58
350,SBER,2024-09-30 12:00,2024-09-30 23:00,271.79,268.47,110,-394.07,-1.32,SL,0,11,90288.5
351,NLMK,2024-10-14 17:00,2024-10-15 10:00,139.51,139.63,210,130.94,0.45,SL,1,8,90419.44
352,GAZP,2024-10-16 12:00,2024-10-16 13:00,138.44,136.74,210,-386.39,-1.33,SL,0,1,90033.06
353,LKOH,2024-10-25 14:00,2024-10-25 15:00,7047.7,6962.53,4,-368.74,-1.31,SL,0,1,89664.32
354,ROSN,2024-11-06 11:00,2024-11-06 13:00,475.05,468.43,62,-439.72,-1.49,SL,0,2,57703.29
355,T,2024-11-06 11:00,2024-11-06 14:00,2420.64,2390.88,8,-257.37,-1.33,SL,0,3,76820.74
356,GAZP,2024-11-06 11:00,2024-11-06 14:00,134.89,132.87,90,-194.46,-1.6,SL,0,3,88772.77
357,T,2024-11-08 11:00,2024-11-08 13:00,2533.85,2494.17,11,-464.15,-1.66,SL,0,2,56591.39
358,NVTK,2024-11-08 11:00,2024-11-12 10:00,933.29,934.04,15,70.76,0.51,SL,1,29,52177.46
359,T,2024-11-11 12:00,2024-11-12 10:00,2640.26,2594.98,7,-335.34,-1.81,SL,0,13,70333.21
360,SBER,2024-11-08 11:00,2024-11-14 10:00,252.89,253.09,70,183.26,1.03,SL,2,59,88227.29
361,GAZP,2024-11-29 20:00,2024-12-03 16:00,123.8,121.69,230,-513.62,-1.8,SL,0,26,87713.67
362,OZPH,2024-12-06 11:00,2024-12-06 12:00,33.65,32.45,860,-1066.36,-3.68,SL,0,1,67732.76
363,SBER,2024-12-06 11:00,2024-12-06 13:00,236.31,232.7,80,-307.69,-1.63,SL,0,2,86339.61
364,ROSN,2024-12-19 13:00,2024-12-19 15:00,493.3,493.69,57,116.59,0.41,SL,1,2,86456.2
365,ROSN,2024-12-19 16:00,2024-12-19 17:00,499.45,499.85,57,118.06,0.41,SL,1,1,55640.9
366,TGKA,2024-12-19 19:00,2024-12-20 10:00,0.01,0.01,2992000,-324.35,-1.77,SL,0,6,55316.56
367,NVTK,2024-12-19 16:00,2024-12-20 12:00,809.88,810.53,16,63.64,0.49,SL,1,11,68344.77
368,NLMK,2024-12-19 16:00,2024-12-20 13:00,119.73,125.16,150,362.14,2.02,TP3,3,12,64411.54
369,ROSN,2024-12-20 12:00,2024-12-20 13:00,505.75,528.33,44,441.81,1.98,TP3,3,1,87117.5
370,NLMK,2024-12-20 14:00,2024-12-20 15:00,126.11,126.99,150,389.52,2.06,SL,2,1,46709.06
371,T,2024-12-20 14:00,2024-12-20 15:00,2460.65,2462.61,5,114.79,0.93,SL,1,1,59133.23
372,ROSN,2024-12-20 14:00,2024-12-20 16:00,527.3,561.9,54,845.11,2.97,TP3,3,2,56133.93
373,NLMK,2024-12-20 15:00,2024-12-23 10:00,127.53,137.48,150,679.0,3.55,TP3,3,10,57746.49
374,OZPH,2024-12-20 15:00,2024-12-23 10:00,32.8,32.83,402,151.04,1.14,SL,1,5,71091.04
375,YDEX,2024-12-20 16:00,2024-12-24 18:00,3639.36,3684.71,5,514.85,2.83,SL,2,32,89811.8
376,NVTK,2024-12-26 16:00,2024-12-26 19:00,953.3,954.06,17,99.67,0.61,SL,1,3,50077.08
377,MGNT,2024-12-26 11:00,2024-12-26 21:00,5141.01,5145.13,5,106.58,0.41,SL,1,10,75901.59
378,LKOH,2024-12-26 11:00,2024-12-27 12:00,7054.71,6967.96,2,-187.52,-1.33,SL,0,16,89830.54
379,MTLR,2024-12-30 11:00,2024-12-30 22:00,98.41,105.55,140,453.97,3.29,TP3,3,11,43193.07
380,T,2024-12-30 11:00,2025-01-03 13:00,2716.07,2718.24,10,112.62,0.41,SL,1,17,70479.99
381,NLMK,2024-12-30 11:00,2025-01-06 10:00,142.19,142.31,140,220.73,1.11,SL,2,29,90617.86
382,MTLR,2025-01-08 22:00,2025-01-09 10:00,107.23,105.7,270,-442.63,-1.53,SL,0,3,90175.23
383,T,2025-01-10 17:00,2025-01-10 18:00,2863.69,2865.98,10,145.31,0.51,SL,1,1,90320.54
384,NLMK,2025-01-10 18:00,2025-01-13 13:00,150.12,147.7,130,-333.92,-1.71,SL,0,10,49051.57
385,YDEX,2025-01-13 11:00,2025-01-13 15:00,3993.9,3997.09,3,55.61,0.46,SL,1,4,45890.76
386,T,2025-01-10 18:00,2025-01-13 20:00,2893.29,2898.27,10,387.88,1.34,SL,2,17,60706.09
387,GAZP,2025-01-13 18:00,2025-01-14 11:00,131.93,132.04,110,93.86,0.65,SL,1,8,75319.86
388,NVTK,2025-01-13 13:00,2025-01-15 10:00,1013.1,991.38,15,-340.8,-2.24,SL,0,27,90183.17
389,MTLR,2025-01-16 11:00,2025-01-17 10:00,110.39,110.84,260,477.63,1.66,SL,2,14,90660.8
390,YDEX,2025-01-29 13:00,2025-01-29 15:00,4137.91,4087.47,4,-218.24,-1.32,SL,0,2,60946.47
391,GAZP,2025-01-30 19:00,2025-01-31 17:00,139.88,140.0,140,202.73,1.03,SL,2,15,61149.2
392,NVTK,2025-01-29 12:00,2025-02-05 23:00,1052.91,1098.29,28,641.21,2.17,TIME,2,96,91286.5
393,YDEX,2025-02-06 11:00,2025-02-06 17:00,4167.92,4171.25,7,121.02,0.41,SL,1,6,57438.55
394,OZPH,2025-02-06 13:00,2025-02-07 12:00,46.76,47.32,295,381.07,2.76,SL,2,9,71622.1
395,T,2025-02-10 11:00,2025-02-10 22:00,3162.52,3123.43,7,-295.6,-1.33,SL,0,11,55488.61
396,NVTK,2025-02-10 14:00,2025-02-10 23:00,1130.71,1131.62,14,163.9,1.03,SL,2,9,71490.41
397,MGNT,2025-02-11 16:00,2025-02-12 16:00,4907.99,4835.2,4,-310.64,-1.58,SL,0,17,71179.77
398,SBER,2025-02-06 11:00,2025-02-12 20:00,287.95,300.01,70,374.23,1.86,TP3,3,77,91720.49
399,GAZP,2025-02-12 20:00,2025-02-13 07:00,149.49,157.0,200,671.65,2.25,TP3,3,4,62481.6
400,LKOH,2025-02-12 22:00,2025-02-13 07:00,7472.25,7807.73,2,298.5,2.0,TP3,3,2,77732.07
401,NVTK,2025-02-12 22:00,2025-02-13 09:00,1245.92,1246.92,12,149.14,1.0,SL,1,4,92839.78
402,MTLR,2025-02-17 23:00,2025-02-18 07:00,120.99,122.22,250,759.25,2.51,SL,2,1,93599.03
403,MTLR,2025-02-18 07:00,2025-02-18 10:00,123.23,119.69,250,-915.16,-2.97,SL,0,3,92683.87
404,MGNT,2025-02-20 16:00,2025-02-20 18:00,5377.04,5294.55,5,-439.11,-1.63,SL,0,2,56827.52
405,NLMK,2025-02-20 17:00,2025-02-20 20:00,159.46,156.89,90,-245.24,-1.71,SL,0,3,70940.49
406,OZPH,2025-02-21 11:00,2025-02-21 13:00,60.73,60.77,385,253.25,1.08,SL,1,2,71193.74
407,NVTK,2025-02-20 16:00,2025-02-24 15:00,1315.53,1316.58,16,128.46,0.61,SL,1,33,69382.24
408,NLMK,2025-02-24 11:00,2025-02-24 16:00,164.2,161.61,140,-384.67,-1.67,SL,0,5,91996.56
409,GAZP,2025-02-25 07:00,2025-02-25 09:00,177.21,177.35,170,170.38,0.57,SL,1,2,72215.68
410,MTLR,2025-02-25 07:00,2025-02-25 11:00,117.3,117.4,170,141.8,0.71,SL,1,4,92308.75
411,T,2025-03-04 20:00,2025-03-05 07:00,3393.74,3344.25,8,-422.87,-1.56,SL,0,4,56562.89
412,NLMK,2025-03-04 20:00,2025-03-05 07:00,163.6,161.03,130,-355.03,-1.67,SL,0,4,77486.02
413,MTLR,2025-03-04 20:00,2025-03-05 07:00,116.98,115.31,120,-214.86,-1.53,SL,0,4,91315.98
414,SBER,2025-03-07 12:00,2025-03-07 17:00,320.84,316.89,90,-384.65,-1.33,SL,0,5,90931.33
415,T,2025-03-16 17:00,2025-03-17 07:00,3485.75,3488.54,8,115.62,0.41,SL,1,2,57593.48
416,NVTK,2025-03-16 18:00,2025-03-17 14:00,1297.53,1279.8,10,-190.22,-1.47,SL,0,8,52899.57
417,T,2025-03-17 07:00,2025-03-17 14:00,3495.35,3498.15,5,72.39,0.41,SL,1,7,70457.45
418,MGNT,2025-03-17 14:00,2025-03-17 20:00,5017.5,4954.82,4,-270.68,-1.35,SL,0,6,54418.71
419,MTLR,2025-03-17 14:00,2025-03-18 11:00,121.23,126.35,130,295.11,1.87,TP3,3,14,70481.87
420,T,2025-03-18 17:00,2025-03-18 18:00,3601.96,3604.84,6,89.6,0.41,SL,1,1,70571.47
421,NVTK,2025-03-18 18:00,2025-03-18 19:00,1337.73,1319.75,17,-328.24,-1.44,SL,0,1,70243.23
422,NLMK,2025-03-16 17:00,2025-03-18 20:00,157.4,157.52,130,211.82,1.03,SL,2,32,90926.72
423,YDEX,2025-03-31 18:00,2025-04-01 15:00,4500.95,4424.6,6,-484.85,-1.79,SL,0,14,90441.87
424,MGNT,2025-04-01 18:00,2025-04-02 12:00,4650.97,4654.68,6,220.72,0.79,SL,1,11,90662.59
425,YDEX,2025-04-14 07:00,2025-04-14 08:00,4271.43,4233.72,7,-293.71,-0.98,SL,0,1,90368.88
426,OZPH,2025-04-17 14:00,2025-04-18 07:00,55.4,54.18,376,-478.73,-2.3,SL,0,10,49139.97
427,SBER,2025-04-16 18:00,2025-04-18 12:00,302.56,298.82,90,-363.68,-1.33,SL,0,28,76020.33
428,ROSN,2025-04-17 15:00,2025-04-22 09:00,465.5,485.21,29,253.49,1.88,TP3,3,45,68182.02
429,TGKA,2025-04-22 10:00,2025-04-22 11:00,0.01,0.01,3224000,-375.06,-1.67,SL,0,1,67806.96
430,YDEX,2025-04-21 14:00,2025-04-23 08:00,4317.43,4320.88,5,89.51,0.41,SL,1,28,67795.9
431,GAZP,2025-04-22 22:00,2025-04-23 09:00,144.58,141.92,150,-421.55,-1.94,SL,0,4,89072.87
432,NVTK,2025-04-25 18:00,2025-04-28 07:00,1293.53,1294.56,10,68.15,0.53,SL,1,6,41029.67
433,GAZP,2025-04-25 18:00,2025-04-28 09:00,150.14,150.52,130,285.0,1.46,SL,2,28,60841.98
434,MGNT,2025-04-28 18:00,2025-04-28 20:00,4781.48,4711.94,4,-297.16,-1.55,SL,0,2,60544.82
435,SBER,2025-04-25 18:00,2025-04-28 21:00,317.44,313.56,90,-377.92,-1.32,SL,0,40,88750.94
436,YDEX,2025-05-12 10:00,2025-05-12 14:00,4169.92,4116.83,4,-228.91,-1.37,SL,0,4,46830.88
437,OZPH,2025-05-12 09:00,2025-05-12 21:00,52.96,52.35,553,-361.9,-1.24,SL,0,12,75767.9
438,SBER,2025-05-12 10:00,2025-05-14 22:00,309.65,309.9,40,51.36,0.41,SL,1,46,88211.49
439,TGKA,2025-05-23 12:00,2025-05-26 08:00,0.01,0.01,4359000,-747.38,-2.57,SL,0,13,87464.11
440,SBER,2025-05-28 14:00,2025-05-29 11:00,305.38,305.63,90,114.17,0.42,SL,1,14,87578.28
441,SBER,2025-06-03 11:00,2025-06-04 17:00,314.44,314.69,90,117.34,0.41,SL,1,23,87695.62
442,TGKA,2025-06-05 11:00,2025-06-05 14:00,0.01,0.01,4091000,-631.16,-2.18,SL,0,3,87064.46
443,ROSN,2025-06-13 08:00,2025-06-14 10:00,428.84,451.28,66,663.86,2.34,TP3,3,17,87728.32
444,OZPH,2025-06-16 09:00,2025-06-16 15:00,50.17,49.56,577,-378.99,-1.31,SL,0,6,87349.33
445,NVTK,2025-06-17 20:00,2025-06-18 14:00,1075.51,1076.37,26,132.99,0.48,SL,1,11,87482.32
446,NVTK,2025-06-25 16:00,2025-06-25 17:00,1077.51,1078.37,26,122.26,0.44,SL,1,1,87604.58
447,GAZP,2025-06-25 19:00,2025-06-26 18:00,126.58,126.68,150,78.77,0.41,SL,1,16,59336.75
448,NVTK,2025-06-25 18:00,2025-06-27 13:00,1089.71,1073.66,26,-445.47,-1.57,SL,0,29,87237.88
449,MTLR,2025-06-30 11:00,2025-06-30 13:00,84.61,84.68,220,77.17,0.41,SL,1,2,58823.76
450,MTLR,2025-06-30 14:00,2025-06-30 15:00,85.06,85.13,220,77.59,0.41,SL,1,1,58901.35
451,GAZP,2025-06-30 17:00,2025-07-01 07:00,129.78,129.89,100,53.82,0.41,SL,1,7,40054.64
452,MTLR,2025-06-30 16:00,2025-07-01 17:00,85.87,89.56,220,360.81,1.91,TP3,3,18,59315.98
453,MTLR,2025-07-01 18:00,2025-07-01 19:00,91.15,89.24,210,-419.66,-2.19,SL,0,1,47722.12
454,MGNT,2025-07-01 18:00,2025-07-02 07:00,3722.87,3725.85,3,46.31,0.41,SL,1,6,58942.63
455,SBER,2025-06-29 18:00,2025-07-06 09:00,316.41,319.62,90,250.91,0.88,TIME,1,96,87684.83
456,OZPH,2025-07-07 08:00,2025-07-07 10:00,48.44,47.73,597,-454.49,-1.57,SL,0,2,87230.34
457,MGNT,2025-07-07 13:00,2025-07-07 18:00,3662.87,3617.83,7,-340.76,-1.33,SL,0,5,86889.58
458,MTLR,2025-07-14 19:00,2025-07-16 07:00,87.91,86.14,320,-593.25,-2.11,SL,0,22,54938.72
459,GAZP,2025-07-14 20:00,2025-07-16 13:00,121.97,122.07,150,99.52,0.54,SL,1,27,73343.22
460,SBER,2025-07-17 11:00,2025-07-17 14:00,328.49,324.48,70,-303.92,-1.32,SL,0,3,73039.29
461,ROSN,2025-07-14 20:00,2025-07-17 21:00,420.84,421.18,31,78.97,0.61,SL,1,52,86170.89
462,OZPH,2025-07-21 11:00,2025-07-21 12:00,51.14,50.49,252,-175.2,-1.36,SL,0,1,38906.65
463,NLMK,2025-07-21 19:00,2025-07-22 07:00,117.53,116.15,100,-150.28,-1.28,SL,0,5,38756.37
464,MTLR,2025-07-18 14:00,2025-07-23 17:00,90.74,90.88,310,369.97,1.31,SL,2,74,54693.57
465,SBER,2025-07-23 15:00,2025-07-24 14:00,314.24,310.41,40,-165.87,-1.32,SL,0,16,67103.65
466,GAZP,2025-07-18 19:00,2025-07-25 10:00,126.24,127.94,150,265.53,1.4,TIME,2,96,86315.04
467,OZPH,2025-07-25 16:00,2025-07-28 08:00,51.71,54.25,550,625.82,2.2,TP3,3,29,86940.87
468,MGNT,2025-08-04 18:00,2025-08-05 14:00,3599.36,3555.1,3,-143.51,-1.33,SL,0,13,40263.45
469,NVTK,2025-08-04 18:00,2025-08-06 11:00,1050.1,1050.94,27,117.56,0.41,SL,1,27,68748.03
470,GAZP,2025-08-06 22:00,2025-08-07 11:00,130.8,131.25,170,351.38,1.58,SL,2,6,53747.92
471,NVTK,2025-08-07 12:00,2025-08-07 18:00,1157.52,1125.38,15,-499.23,-2.87,SL,0,6,53248.69
472,LKOH,2025-08-04 18:00,2025-08-08 23:00,6052.61,6306.16,3,337.12,1.86,TP3,3,73,71752.71
473,NLMK,2025-08-11 07:00,2025-08-11 10:00,125.03,125.13,120,83.25,0.55,SL,1,3,48764.52
474,NLMK,2025-08-11 11:00,2025-08-11 17:00,125.97,126.07,120,102.18,0.68,SL,1,6,48866.71
475,GAZP,2025-08-11 07:00,2025-08-11 18:00,144.12,138.5,160,-922.56,-4.0,SL,0,11,71015.58
476,TGKA,2025-08-06 22:00,2025-08-14 16:00,0.01,0.01,2392000,48.53,0.32,TIME,0,96,86415.6
477,OZPH,2025-08-15 15:00,2025-08-15 16:00,54.74,54.04,520,-388.54,-1.36,SL,0,1,86027.06
478,T,2025-08-15 18:00,2025-08-16 09:00,3384.54,3342.92,8,-359.85,-1.33,SL,0,6,66588.66
479,ROSN,2025-08-15 22:00,2025-08-16 09:00,488.95,482.94,39,-253.43,-1.33,SL,0,2,85413.77
480,MTLR,2025-08-18 16:00,2025-08-18 23:00,90.76,90.83,310,116.67,0.41,SL,1,7,56010.75
481,NVTK,2025-08-18 22:00,2025-08-19 13:00,1266.93,1267.94,10,65.15,0.51,SL,1,8,50742.7
482,YDEX,2025-08-18 23:00,2025-08-19 18:00,4499.95,4441.46,4,-251.84,-1.4,SL,0,12,51749.95
483,TGKA,2025-08-19 15:00,2025-08-19 18:00,0.01,0.01,2551000,-222.5,-1.33,SL,0,3,68277.16
484,TGKA,2025-08-20 23:00,2025-08-21 10:00,0.01,0.01,3402000,-292.71,-1.3,SL,0,4,67984.45
485,T,2025-08-18 17:00,2025-08-21 19:00,3367.14,3369.83,5,174.34,1.04,SL,2,53,85002.89
486,OZPH,2025-08-28 09:00,2025-08-28 10:00,59.28,58.58,473,-358.61,-1.28,SL,0,1,84644.28
487,OZPH,2025-08-28 11:00,2025-08-28 14:00,59.2,58.38,471,-412.63,-1.48,SL,0,3,84231.64
488,T,2025-09-08 08:00,2025-09-09 15:00,3344.33,3347.27,8,111.95,0.42,SL,1,24,54378.72
489,GAZP,2025-09-08 11:00,2025-09-10 12:00,133.22,131.59,90,-159.35,-1.33,SL,0,35,66215.47
490,NLMK,2025-09-08 10:00,2025-09-11 10:00,119.73,119.83,150,185.85,1.03,SL,2,51,84370.1
491,MGNT,2025-09-24 21:00,2025-09-25 09:00,3410.34,3413.07,8,171.51,0.63,SL,1,5,84541.61
492,LKOH,2025-10-06 19:00,2025-10-07 10:00,6101.61,6106.49,3,75.89,0.41,SL,1,8,57258.69
493,GAZP,2025-10-06 17:00,2025-10-07 14:00,118.89,118.99,230,114.78,0.42,SL,1,14,84732.27
494,NVTK,2025-10-15 14:00,2025-10-16 11:00,1076.71,1055.77,25,-550.04,-2.04,SL,0,14,84182.24
495,SBER,2025-10-16 18:00,2025-10-16 20:00,290.93,291.16,90,271.03,1.03,SL,2,2,84453.27
496,OZPH,2025-10-16 21:00,2025-10-20 19:00,51.07,51.17,545,388.34,1.39,SL,2,52,54333.71
497,T,2025-10-16 21:00,2025-10-21 07:00,3065.71,3070.42,6,241.86,1.31,SL,2,57,72979.0
498,SBER,2025-10-16 21:00,2025-10-21 17:00,302.46,297.6,40,-206.25,-1.7,SL,0,67,84877.21
499,OZPH,2025-10-30 16:00,2025-10-30 23:00,51.34,50.7,545,-371.27,-1.33,SL,0,7,66140.33
500,MTLR,2025-10-30 18:00,2025-10-31 10:00,67.99,65.84,270,-598.64,-3.26,SL,0,9,63237.91
501,MGNT,2025-10-30 23:00,2025-10-31 11:00,2951.3,2909.74,7,-311.41,-1.51,SL,0,5,83595.89
502,YDEX,2025-11-03 08:00,2025-11-03 11:00,4059.41,4062.65,6,101.01,0.41,SL,1,3,64472.47
503,ROSN,2025-11-03 10:00,2025-11-03 18:00,392.14,392.45,49,79.55,0.41,SL,1,8,51324.39
504,T,2025-11-03 11:00,2025-11-05 07:00,2999.7,2962.62,4,-160.26,-1.33,SL,0,13,63168.93
505,YDEX,2025-11-03 11:00,2025-11-05 17:00,4087.41,4037.15,5,-271.61,-1.33,SL,0,23,83344.58
506,T,2025-11-10 08:00,2025-11-10 17:00,2994.1,2957.48,6,-237.57,-1.32,SL,0,9,44150.35
507,MGNT,2025-11-10 08:00,2025-11-10 17:00,2907.79,2871.05,4,-158.53,-1.36,SL,0,9,55628.8
508,GAZP,2025-11-07 10:00,2025-11-12 20:00,118.72,118.82,230,282.65,1.03,SL,2,81,83231.13
509,T,2025-11-19 17:00,2025-11-19 19:00,3084.11,3043.0,4,-176.69,-1.43,SL,0,2,38800.1
510,MTLR,2025-11-19 17:00,2025-11-19 22:00,70.04,68.98,260,-292.33,-1.6,SL,0,5,56726.49
511,LKOH,2025-11-19 15:00,2025-11-21 07:00,5204.52,5501.19,5,667.3,2.56,TP3,3,26,83429.4
512,MTLR,2025-11-25 19:00,2025-11-26 11:00,72.91,71.49,370,-550.02,-2.04,SL,0,9,82879.39
513,NVTK,2025-11-28 21:00,2025-12-01 09:00,1161.32,1162.24,23,125.82,0.47,SL,1,25,64868.93
514,MTLR,2025-12-01 13:00,2025-12-01 16:00,74.19,74.25,280,86.14,0.41,SL,1,3,64955.07
515,MTLR,2025-12-01 18:00,2025-12-01 22:00,75.58,74.52,280,-316.42,-1.49,SL,0,4,64638.65
516,NLMK,2025-12-01 07:00,2025-12-02 18:00,106.63,106.72,170,187.46,1.03,SL,2,28,82962.39
517,LKOH,2025-12-05 15:00,2025-12-08 17:00,5558.56,5563.0,2,46.1,0.41,SL,1,19,38452.77
518,MGNT,2025-12-10 15:00,2025-12-11 11:00,3134.31,3136.82,4,68.89,0.55,SL,1,13,38521.66
519,T,2025-12-05 12:00,2025-12-11 19:00,3152.32,3284.37,6,351.16,1.86,TP3,3,75,45513.6
520,MTLR,2025-12-11 11:00,2025-12-12 10:00,76.73,76.79,160,127.12,1.03,SL,2,16,46457.42
521,LKOH,2025-12-11 20:00,2025-12-12 18:00,5730.07,5660.11,2,-151.32,-1.32,SL,0,15,57771.97
522,YDEX,2025-12-05 12:00,2025-12-12 21:00,4269.93,4273.34,6,265.21,1.03,SL,2,94,83669.56
523,MTLR,2025-12-15 08:00,2025-12-15 11:00,78.28,77.26,350,-384.85,-1.4,SL,0,3,83284.71
524,NLMK,2025-12-16 19:00,2025-12-17 07:00,109.49,109.58,250,113.5,0.41,SL,1,5,83398.21
525,YDEX,2025-12-18 16:00,2025-12-18 18:00,4440.94,4444.5,4,73.66,0.41,SL,1,2,44211.78
526,LKOH,2025-12-18 17:00,2025-12-19 13:00,5859.59,5864.27,2,48.59,0.41,SL,1,13,42549.34
527,YDEX,2025-12-18 19:00,2025-12-19 13:00,4476.45,4480.03,3,55.87,0.42,SL,1,11,56041.27
528,TGKA,2025-12-18 14:00,2025-12-22 17:00,0.01,0.01,4248000,-387.05,-1.41,SL,0,57,83189.28
529,T,2025-12-26 10:00,2025-12-29 15:00,3199.12,3333.14,5,297.0,1.86,TP3,3,42,44913.14
530,YDEX,2025-12-24 16:00,2025-12-29 18:00,4505.45,4509.05,6,279.84,1.03,SL,2,73,58928.02
531,T,2025-12-29 15:00,2025-12-29 18:00,3326.13,3285.43,4,-176.03,-1.32,SL,0,3,72063.18
532,LKOH,2025-12-26 16:00,2026-01-08 07:00,5760.58,5851.41,2,153.72,1.33,TIME,2,96,83743.81
533,TGKA,2026-01-16 13:00,2026-01-19 10:00,0.01,0.01,1925000,-191.47,-1.5,SL,0,34,38373.05
534,NVTK,2026-01-16 11:00,2026-01-21 13:00,1177.12,1226.43,23,502.66,1.86,TP3,3,73,56108.64
535,NVTK,2026-01-21 14:00,2026-01-22 17:00,1238.32,1223.29,14,-227.64,-1.31,SL,0,20,55881.0
536,NLMK,2026-01-16 12:00,2026-01-22 20:00,106.37,107.87,170,235.23,1.3,TIME,2,96,74208.28
537,T,2026-01-19 12:00,2026-01-25 15:00,3283.13,3338.67,3,133.69,1.36,TIME,2,96,84196.28
538,OZPH,2026-01-27 15:00,2026-01-28 15:00,52.37,52.41,530,287.25,1.03,SL,2,17,54380.87
539,NLMK,2026-01-27 15:00,2026-01-28 16:00,108.79,108.88,170,191.46,1.03,SL,2,18,73076.02
540,GAZP,2026-01-27 18:00,2026-01-28 23:00,128.81,127.23,90,-154.08,-1.33,SL,0,22,84520.9
541,SBER,2026-01-29 17:00,2026-01-30 11:00,308.9,305.08,90,-371.26,-1.33,SL,0,11,65433.75
542,TGKA,2026-01-30 08:00,2026-02-04 17:00,0.01,0.01,2416000,-470.04,-2.51,SL,0,80,83679.6
543,NVTK,2026-02-11 16:00,2026-02-12 07:00,1178.62,1179.56,23,112.4,0.41,SL,1,8,57685.34
544,YDEX,2026-02-11 17:00,2026-02-13 08:00,4714.97,4718.74,2,39.1,0.41,SL,1,25,67159.1
545,T,2026-02-11 16:00,2026-02-13 13:00,3332.73,3335.4,5,69.09,0.41,SL,1,31,83900.19
546,GAZP,2026-02-13 14:00,2026-02-18 12:00,126.95,125.4,210,-352.24,-1.32,SL,0,49,53350.66
547,TGKA,2026-02-16 09:00,2026-02-18 13:00,0.01,0.01,1763000,-251.14,-1.89,SL,0,38,66421.69
548,T,2026-02-13 14:00,2026-02-18 18:00,3373.34,3514.65,5,313.15,1.86,TP3,3,55,83609.96
549,NVTK,2026-02-20 10:00,2026-02-24 13:00,1195.82,1181.41,23,-358.72,-1.3,SL,0,50,83251.24
550,TGKA,2026-02-26 07:00,2026-02-26 13:00,0.01,0.01,3653000,-220.76,-0.8,SL,0,6,83030.48
551,NLMK,2026-02-26 17:00,2026-02-28 10:00,113.01,111.62,240,-360.47,-1.33,SL,0,25,66985.6
552,LKOH,2026-02-27 17:00,2026-02-28 10:00,5225.52,5229.7,3,65.0,0.41,SL,1,8,82735.01
553,LKOH,2026-02-28 11:00,2026-03-02 10:00,5307.53,5529.89,5,492.75,1.86,TP3,3,21,53523.45
554,ROSN,2026-02-28 11:00,2026-03-02 10:00,404.14,421.07,45,337.74,1.86,TP3,3,21,72056.6
555,NVTK,2026-03-02 11:00,2026-03-02 15:00,1255.73,1256.73,18,93.72,0.41,SL,1,4,72150.32
556,NVTK,2026-03-02 16:00,2026-03-02 17:00,1275.03,1257.41,18,-339.97,-1.48,SL,0,1,71810.36
557,NVTK,2026-03-02 17:00,2026-03-02 18:00,1276.33,1258.86,18,-337.27,-1.47,SL,0,1,71473.08
558,GAZP,2026-02-28 14:00,2026-03-04 16:00,127.81,127.92,90,119.1,1.03,SL,2,58,83101.09
559,LKOH,2026-03-06 13:00,2026-03-09 07:00,5522.55,5753.9,4,410.13,1.86,TP3,3,11,51067.46
560,NVTK,2026-03-06 16:00,2026-03-09 07:00,1346.93,1409.41,14,389.77,2.07,TP3,3,8,70323.75
561,ROSN,2026-03-06 17:00,2026-03-09 07:00,467.95,492.95,29,325.28,2.4,TP3,3,7,84226.27
562,GAZP,2026-03-09 08:00,2026-03-09 09:00,138.76,136.51,200,-479.17,-1.73,SL,0,1,53884.69
563,NVTK,2026-03-09 08:00,2026-03-09 09:00,1441.54,1408.56,12,-412.86,-2.39,SL,0,1,70779.0
564,MTLR,2026-03-09 08:00,2026-03-09 09:00,73.82,72.76,170,-192.45,-1.53,SL,0,1,83141.78
565,MTLR,2026-03-16 09:00,2026-03-16 10:00,74.21,74.27,170,52.31,0.41,SL,1,1,39849.88
566,MTLR,2026-03-16 10:00,2026-03-16 19:00,74.27,74.33,170,52.35,0.41,SL,1,9,39902.23
567,OZPH,2026-03-13 17:00,2026-03-19 12:00,50.95,50.99,538,113.72,0.41,SL,1,83,67438.11
568,GAZP,2026-03-19 12:00,2026-03-19 15:00,131.96,130.34,160,-280.61,-1.33,SL,0,3,67157.5
569,SBER,2026-03-16 09:00,2026-03-20 23:00,318.28,320.13,50,105.76,0.66,END,1,82,83185.31
